[
  {
    "name": "check any inference",
    "file": "/home/azureuser/zodlil/vendor/zod/packages/zod/src/v4/classic/tests/anyunknown.test.ts"
  },
  {
    "name": "check unknown inference",
    "file": "/home/azureuser/zodlil/vendor/zod/packages/zod/src/v4/classic/tests/anyunknown.test.ts"
  },
  {
    "name": "check never inference",
    "file": "/home/azureuser/zodlil/vendor/zod/packages/zod/src/v4/classic/tests/anyunknown.test.ts"
  },
  {
    "name": "basic apply (object)",
    "file": "/home/azureuser/zodlil/vendor/zod/packages/zod/src/v4/classic/tests/apply.test.ts"
  },
  {
    "name": "basic apply (number)",
    "file": "/home/azureuser/zodlil/vendor/zod/packages/zod/src/v4/classic/tests/apply.test.ts"
  },
  {
    "name": "The callback's return value becomes the apply's return value.",
    "file": "/home/azureuser/zodlil/vendor/zod/packages/zod/src/v4/classic/tests/apply.test.ts"
  },
  {
    "name": "apply forwards extra args to the callback",
    "file": "/home/azureuser/zodlil/vendor/zod/packages/zod/src/v4/classic/tests/apply.test.ts"
  },
  {
    "name": "apply type-checks the extra args",
    "file": "/home/azureuser/zodlil/vendor/zod/packages/zod/src/v4/classic/tests/apply.test.ts"
  },
  {
    "name": "type inference",
    "file": "/home/azureuser/zodlil/vendor/zod/packages/zod/src/v4/classic/tests/array.test.ts"
  },
  {
    "name": "array min/max",
    "file": "/home/azureuser/zodlil/vendor/zod/packages/zod/src/v4/classic/tests/array.test.ts"
  },
  {
    "name": "array length",
    "file": "/home/azureuser/zodlil/vendor/zod/packages/zod/src/v4/classic/tests/array.test.ts"
  },
  {
    "name": "array.nonempty()",
    "file": "/home/azureuser/zodlil/vendor/zod/packages/zod/src/v4/classic/tests/array.test.ts"
  },
  {
    "name": "array.nonempty().max()",
    "file": "/home/azureuser/zodlil/vendor/zod/packages/zod/src/v4/classic/tests/array.test.ts"
  },
  {
    "name": "parse empty array in nonempty",
    "file": "/home/azureuser/zodlil/vendor/zod/packages/zod/src/v4/classic/tests/array.test.ts"
  },
  {
    "name": "get element",
    "file": "/home/azureuser/zodlil/vendor/zod/packages/zod/src/v4/classic/tests/array.test.ts"
  },
  {
    "name": "continue parsing despite array size error",
    "file": "/home/azureuser/zodlil/vendor/zod/packages/zod/src/v4/classic/tests/array.test.ts"
  },
  {
    "name": "parse should fail given sparse array",
    "file": "/home/azureuser/zodlil/vendor/zod/packages/zod/src/v4/classic/tests/array.test.ts"
  },
  {
    "name": "string async parse",
    "file": "/home/azureuser/zodlil/vendor/zod/packages/zod/src/v4/classic/tests/async-parsing.test.ts"
  },
  {
    "name": "number async parse",
    "file": "/home/azureuser/zodlil/vendor/zod/packages/zod/src/v4/classic/tests/async-parsing.test.ts"
  },
  {
    "name": "bigInt async parse",
    "file": "/home/azureuser/zodlil/vendor/zod/packages/zod/src/v4/classic/tests/async-parsing.test.ts"
  },
  {
    "name": "boolean async parse",
    "file": "/home/azureuser/zodlil/vendor/zod/packages/zod/src/v4/classic/tests/async-parsing.test.ts"
  },
  {
    "name": "date async parse",
    "file": "/home/azureuser/zodlil/vendor/zod/packages/zod/src/v4/classic/tests/async-parsing.test.ts"
  },
  {
    "name": "undefined async parse",
    "file": "/home/azureuser/zodlil/vendor/zod/packages/zod/src/v4/classic/tests/async-parsing.test.ts"
  },
  {
    "name": "null async parse",
    "file": "/home/azureuser/zodlil/vendor/zod/packages/zod/src/v4/classic/tests/async-parsing.test.ts"
  },
  {
    "name": "any async parse",
    "file": "/home/azureuser/zodlil/vendor/zod/packages/zod/src/v4/classic/tests/async-parsing.test.ts"
  },
  {
    "name": "unknown async parse",
    "file": "/home/azureuser/zodlil/vendor/zod/packages/zod/src/v4/classic/tests/async-parsing.test.ts"
  },
  {
    "name": "void async parse",
    "file": "/home/azureuser/zodlil/vendor/zod/packages/zod/src/v4/classic/tests/async-parsing.test.ts"
  },
  {
    "name": "array async parse",
    "file": "/home/azureuser/zodlil/vendor/zod/packages/zod/src/v4/classic/tests/async-parsing.test.ts"
  },
  {
    "name": "object async parse",
    "file": "/home/azureuser/zodlil/vendor/zod/packages/zod/src/v4/classic/tests/async-parsing.test.ts"
  },
  {
    "name": "union async parse",
    "file": "/home/azureuser/zodlil/vendor/zod/packages/zod/src/v4/classic/tests/async-parsing.test.ts"
  },
  {
    "name": "record async parse",
    "file": "/home/azureuser/zodlil/vendor/zod/packages/zod/src/v4/classic/tests/async-parsing.test.ts"
  },
  {
    "name": "literal async parse",
    "file": "/home/azureuser/zodlil/vendor/zod/packages/zod/src/v4/classic/tests/async-parsing.test.ts"
  },
  {
    "name": "enum async parse",
    "file": "/home/azureuser/zodlil/vendor/zod/packages/zod/src/v4/classic/tests/async-parsing.test.ts"
  },
  {
    "name": "nativeEnum async parse",
    "file": "/home/azureuser/zodlil/vendor/zod/packages/zod/src/v4/classic/tests/async-parsing.test.ts"
  },
  {
    "name": "promise async parse good",
    "file": "/home/azureuser/zodlil/vendor/zod/packages/zod/src/v4/classic/tests/async-parsing.test.ts"
  },
  {
    "name": "promise async parse bad",
    "file": "/home/azureuser/zodlil/vendor/zod/packages/zod/src/v4/classic/tests/async-parsing.test.ts"
  },
  {
    "name": "async validation non-empty strings",
    "file": "/home/azureuser/zodlil/vendor/zod/packages/zod/src/v4/classic/tests/async-parsing.test.ts"
  },
  {
    "name": "async validation multiple errors 1",
    "file": "/home/azureuser/zodlil/vendor/zod/packages/zod/src/v4/classic/tests/async-parsing.test.ts"
  },
  {
    "name": "async validation multiple errors 2",
    "file": "/home/azureuser/zodlil/vendor/zod/packages/zod/src/v4/classic/tests/async-parsing.test.ts"
  },
  {
    "name": "ensure early async failure prevents follow-up refinement checks",
    "file": "/home/azureuser/zodlil/vendor/zod/packages/zod/src/v4/classic/tests/async-parsing.test.ts"
  },
  {
    "name": "async refine .parse()",
    "file": "/home/azureuser/zodlil/vendor/zod/packages/zod/src/v4/classic/tests/async-refinements.test.ts"
  },
  {
    "name": "async refine",
    "file": "/home/azureuser/zodlil/vendor/zod/packages/zod/src/v4/classic/tests/async-refinements.test.ts"
  },
  {
    "name": "async refine with Promises",
    "file": "/home/azureuser/zodlil/vendor/zod/packages/zod/src/v4/classic/tests/async-refinements.test.ts"
  },
  {
    "name": "async refine that uses value",
    "file": "/home/azureuser/zodlil/vendor/zod/packages/zod/src/v4/classic/tests/async-refinements.test.ts"
  },
  {
    "name": "test this binding",
    "file": "/home/azureuser/zodlil/vendor/zod/packages/zod/src/v4/classic/tests/base.test.ts"
  },
  {
    "name": "passing validations",
    "file": "/home/azureuser/zodlil/vendor/zod/packages/zod/src/v4/classic/tests/bigint.test.ts"
  },
  {
    "name": "failing validations",
    "file": "/home/azureuser/zodlil/vendor/zod/packages/zod/src/v4/classic/tests/bigint.test.ts"
  },
  {
    "name": "min max getters",
    "file": "/home/azureuser/zodlil/vendor/zod/packages/zod/src/v4/classic/tests/bigint.test.ts"
  },
  {
    "name": "branded types",
    "file": "/home/azureuser/zodlil/vendor/zod/packages/zod/src/v4/classic/tests/brand.test.ts"
  },
  {
    "name": "$branded",
    "file": "/home/azureuser/zodlil/vendor/zod/packages/zod/src/v4/classic/tests/brand.test.ts"
  },
  {
    "name": "branded record",
    "file": "/home/azureuser/zodlil/vendor/zod/packages/zod/src/v4/classic/tests/brand.test.ts"
  },
  {
    "name": "brand direction: out (default)",
    "file": "/home/azureuser/zodlil/vendor/zod/packages/zod/src/v4/classic/tests/brand.test.ts"
  },
  {
    "name": "brand direction: out (explicit)",
    "file": "/home/azureuser/zodlil/vendor/zod/packages/zod/src/v4/classic/tests/brand.test.ts"
  },
  {
    "name": "brand direction: in",
    "file": "/home/azureuser/zodlil/vendor/zod/packages/zod/src/v4/classic/tests/brand.test.ts"
  },
  {
    "name": "brand direction: inout",
    "file": "/home/azureuser/zodlil/vendor/zod/packages/zod/src/v4/classic/tests/brand.test.ts"
  },
  {
    "name": "basic catch",
    "file": "/home/azureuser/zodlil/vendor/zod/packages/zod/src/v4/classic/tests/catch.test.ts"
  },
  {
    "name": "catch fn does not run when parsing succeeds",
    "file": "/home/azureuser/zodlil/vendor/zod/packages/zod/src/v4/classic/tests/catch.test.ts"
  },
  {
    "name": "basic catch async",
    "file": "/home/azureuser/zodlil/vendor/zod/packages/zod/src/v4/classic/tests/catch.test.ts"
  },
  {
    "name": "catch replace wrong types",
    "file": "/home/azureuser/zodlil/vendor/zod/packages/zod/src/v4/classic/tests/catch.test.ts"
  },
  {
    "name": "catch with transform",
    "file": "/home/azureuser/zodlil/vendor/zod/packages/zod/src/v4/classic/tests/catch.test.ts"
  },
  {
    "name": "catch on existing optional",
    "file": "/home/azureuser/zodlil/vendor/zod/packages/zod/src/v4/classic/tests/catch.test.ts"
  },
  {
    "name": "optional on catch",
    "file": "/home/azureuser/zodlil/vendor/zod/packages/zod/src/v4/classic/tests/catch.test.ts"
  },
  {
    "name": "complex chain example",
    "file": "/home/azureuser/zodlil/vendor/zod/packages/zod/src/v4/classic/tests/catch.test.ts"
  },
  {
    "name": "removeCatch",
    "file": "/home/azureuser/zodlil/vendor/zod/packages/zod/src/v4/classic/tests/catch.test.ts"
  },
  {
    "name": "nested",
    "file": "/home/azureuser/zodlil/vendor/zod/packages/zod/src/v4/classic/tests/catch.test.ts"
  },
  {
    "name": "chained catch",
    "file": "/home/azureuser/zodlil/vendor/zod/packages/zod/src/v4/classic/tests/catch.test.ts"
  },
  {
    "name": "native enum",
    "file": "/home/azureuser/zodlil/vendor/zod/packages/zod/src/v4/classic/tests/catch.test.ts"
  },
  {
    "name": "enum",
    "file": "/home/azureuser/zodlil/vendor/zod/packages/zod/src/v4/classic/tests/catch.test.ts"
  },
  {
    "name": "reported issues with nested usage",
    "file": "/home/azureuser/zodlil/vendor/zod/packages/zod/src/v4/classic/tests/catch.test.ts"
  },
  {
    "name": "catch error",
    "file": "/home/azureuser/zodlil/vendor/zod/packages/zod/src/v4/classic/tests/catch.test.ts"
  },
  {
    "name": "ctx.input",
    "file": "/home/azureuser/zodlil/vendor/zod/packages/zod/src/v4/classic/tests/catch.test.ts"
  },
  {
    "name": "direction-aware catch",
    "file": "/home/azureuser/zodlil/vendor/zod/packages/zod/src/v4/classic/tests/catch.test.ts"
  },
  {
    "name": "optional clobbers catch through pipe boundaries",
    "file": "/home/azureuser/zodlil/vendor/zod/packages/zod/src/v4/classic/tests/catch.test.ts"
  },
  {
    "name": "catch does not resurrect issues an inner optional already resolved",
    "file": "/home/azureuser/zodlil/vendor/zod/packages/zod/src/v4/classic/tests/catch.test.ts"
  },
  {
    "name": "resolving an optional's failure clears the abort flag with it",
    "file": "/home/azureuser/zodlil/vendor/zod/packages/zod/src/v4/classic/tests/catch.test.ts"
  },
  {
    "name": "catch clears the abort flag along with the issues",
    "file": "/home/azureuser/zodlil/vendor/zod/packages/zod/src/v4/classic/tests/catch.test.ts"
  },
  {
    "name": "catch clears the abort flag on the async branch too",
    "file": "/home/azureuser/zodlil/vendor/zod/packages/zod/src/v4/classic/tests/catch.test.ts"
  },
  {
    "name": "catch resolves the issues array itself, so an outer catch does not resurrect them",
    "file": "/home/azureuser/zodlil/vendor/zod/packages/zod/src/v4/classic/tests/catch.test.ts"
  },
  {
    "name": "catch resolves the issues array on the async branch too",
    "file": "/home/azureuser/zodlil/vendor/zod/packages/zod/src/v4/classic/tests/catch.test.ts"
  },
  {
    "name": "coalesce",
    "file": "/home/azureuser/zodlil/vendor/zod/packages/zod/src/v4/classic/tests/coalesce.test.ts"
  },
  {
    "name": "stringToNumber codec",
    "file": "/home/azureuser/zodlil/vendor/zod/packages/zod/src/v4/classic/tests/codec-examples.test.ts"
  },
  {
    "name": "stringToInt codec",
    "file": "/home/azureuser/zodlil/vendor/zod/packages/zod/src/v4/classic/tests/codec-examples.test.ts"
  },
  {
    "name": "stringToBigInt codec",
    "file": "/home/azureuser/zodlil/vendor/zod/packages/zod/src/v4/classic/tests/codec-examples.test.ts"
  },
  {
    "name": "numberToBigInt codec",
    "file": "/home/azureuser/zodlil/vendor/zod/packages/zod/src/v4/classic/tests/codec-examples.test.ts"
  },
  {
    "name": "isoDatetimeToDate codec",
    "file": "/home/azureuser/zodlil/vendor/zod/packages/zod/src/v4/classic/tests/codec-examples.test.ts"
  },
  {
    "name": "epochSecondsToDate codec",
    "file": "/home/azureuser/zodlil/vendor/zod/packages/zod/src/v4/classic/tests/codec-examples.test.ts"
  },
  {
    "name": "epochMillisToDate codec",
    "file": "/home/azureuser/zodlil/vendor/zod/packages/zod/src/v4/classic/tests/codec-examples.test.ts"
  },
  {
    "name": "json codec",
    "file": "/home/azureuser/zodlil/vendor/zod/packages/zod/src/v4/classic/tests/codec-examples.test.ts"
  },
  {
    "name": "utf8ToBytes codec",
    "file": "/home/azureuser/zodlil/vendor/zod/packages/zod/src/v4/classic/tests/codec-examples.test.ts"
  },
  {
    "name": "bytesToUtf8 codec",
    "file": "/home/azureuser/zodlil/vendor/zod/packages/zod/src/v4/classic/tests/codec-examples.test.ts"
  },
  {
    "name": "base64 codec",
    "file": "/home/azureuser/zodlil/vendor/zod/packages/zod/src/v4/classic/tests/codec-examples.test.ts"
  },
  {
    "name": "base64urlToBytes codec",
    "file": "/home/azureuser/zodlil/vendor/zod/packages/zod/src/v4/classic/tests/codec-examples.test.ts"
  },
  {
    "name": "hexToBytes codec",
    "file": "/home/azureuser/zodlil/vendor/zod/packages/zod/src/v4/classic/tests/codec-examples.test.ts"
  },
  {
    "name": "stringToURL codec",
    "file": "/home/azureuser/zodlil/vendor/zod/packages/zod/src/v4/classic/tests/codec-examples.test.ts"
  },
  {
    "name": "stringToHttpURL codec",
    "file": "/home/azureuser/zodlil/vendor/zod/packages/zod/src/v4/classic/tests/codec-examples.test.ts"
  },
  {
    "name": "uriComponent codec",
    "file": "/home/azureuser/zodlil/vendor/zod/packages/zod/src/v4/classic/tests/codec-examples.test.ts"
  },
  {
    "name": "stringToBoolean codec",
    "file": "/home/azureuser/zodlil/vendor/zod/packages/zod/src/v4/classic/tests/codec-examples.test.ts"
  },
  {
    "name": "codec input validation",
    "file": "/home/azureuser/zodlil/vendor/zod/packages/zod/src/v4/classic/tests/codec-examples.test.ts"
  },
  {
    "name": "codec transform error handling",
    "file": "/home/azureuser/zodlil/vendor/zod/packages/zod/src/v4/classic/tests/codec-examples.test.ts"
  },
  {
    "name": "instanceof",
    "file": "/home/azureuser/zodlil/vendor/zod/packages/zod/src/v4/classic/tests/codec.test.ts"
  },
  {
    "name": "codec basic functionality",
    "file": "/home/azureuser/zodlil/vendor/zod/packages/zod/src/v4/classic/tests/codec.test.ts"
  },
  {
    "name": "codec round trip",
    "file": "/home/azureuser/zodlil/vendor/zod/packages/zod/src/v4/classic/tests/codec.test.ts"
  },
  {
    "name": "codec with refinement",
    "file": "/home/azureuser/zodlil/vendor/zod/packages/zod/src/v4/classic/tests/codec.test.ts"
  },
  {
    "name": "safe codec operations",
    "file": "/home/azureuser/zodlil/vendor/zod/packages/zod/src/v4/classic/tests/codec.test.ts"
  },
  {
    "name": "codec with different types",
    "file": "/home/azureuser/zodlil/vendor/zod/packages/zod/src/v4/classic/tests/codec.test.ts"
  },
  {
    "name": "async codec operations",
    "file": "/home/azureuser/zodlil/vendor/zod/packages/zod/src/v4/classic/tests/codec.test.ts"
  },
  {
    "name": "codec type inference",
    "file": "/home/azureuser/zodlil/vendor/zod/packages/zod/src/v4/classic/tests/codec.test.ts"
  },
  {
    "name": "nested codec with object containing codec property",
    "file": "/home/azureuser/zodlil/vendor/zod/packages/zod/src/v4/classic/tests/codec.test.ts"
  },
  {
    "name": "mutating refinements",
    "file": "/home/azureuser/zodlil/vendor/zod/packages/zod/src/v4/classic/tests/codec.test.ts"
  },
  {
    "name": "codec type enforcement - correct encode/decode signatures",
    "file": "/home/azureuser/zodlil/vendor/zod/packages/zod/src/v4/classic/tests/codec.test.ts"
  },
  {
    "name": "codec type enforcement - complex types",
    "file": "/home/azureuser/zodlil/vendor/zod/packages/zod/src/v4/classic/tests/codec.test.ts"
  },
  {
    "name": "codec with overwrites",
    "file": "/home/azureuser/zodlil/vendor/zod/packages/zod/src/v4/classic/tests/codec.test.ts"
  },
  {
    "name": "async codec functionality",
    "file": "/home/azureuser/zodlil/vendor/zod/packages/zod/src/v4/classic/tests/codec.test.ts"
  },
  {
    "name": "invertCodec basic",
    "file": "/home/azureuser/zodlil/vendor/zod/packages/zod/src/v4/classic/tests/codec.test.ts"
  },
  {
    "name": "invertCodec round trip",
    "file": "/home/azureuser/zodlil/vendor/zod/packages/zod/src/v4/classic/tests/codec.test.ts"
  },
  {
    "name": "invertCodec types",
    "file": "/home/azureuser/zodlil/vendor/zod/packages/zod/src/v4/classic/tests/codec.test.ts"
  },
  {
    "name": "invertCodec is its own inverse",
    "file": "/home/azureuser/zodlil/vendor/zod/packages/zod/src/v4/classic/tests/codec.test.ts"
  },
  {
    "name": "invertCodec with custom codec",
    "file": "/home/azureuser/zodlil/vendor/zod/packages/zod/src/v4/classic/tests/codec.test.ts"
  },
  {
    "name": "context immutability > decode/encode",
    "file": "/home/azureuser/zodlil/vendor/zod/packages/zod/src/v4/classic/tests/codec.test.ts"
  },
  {
    "name": "context immutability > parse functions",
    "file": "/home/azureuser/zodlil/vendor/zod/packages/zod/src/v4/classic/tests/codec.test.ts"
  },
  {
    "name": "context immutability > async functions",
    "file": "/home/azureuser/zodlil/vendor/zod/packages/zod/src/v4/classic/tests/codec.test.ts"
  },
  {
    "name": "string coercion",
    "file": "/home/azureuser/zodlil/vendor/zod/packages/zod/src/v4/classic/tests/coerce.test.ts"
  },
  {
    "name": "number coercion",
    "file": "/home/azureuser/zodlil/vendor/zod/packages/zod/src/v4/classic/tests/coerce.test.ts"
  },
  {
    "name": "boolean coercion",
    "file": "/home/azureuser/zodlil/vendor/zod/packages/zod/src/v4/classic/tests/coerce.test.ts"
  },
  {
    "name": "bigint coercion",
    "file": "/home/azureuser/zodlil/vendor/zod/packages/zod/src/v4/classic/tests/coerce.test.ts"
  },
  {
    "name": "date coercion",
    "file": "/home/azureuser/zodlil/vendor/zod/packages/zod/src/v4/classic/tests/coerce.test.ts"
  },
  {
    "name": "override input type",
    "file": "/home/azureuser/zodlil/vendor/zod/packages/zod/src/v4/classic/tests/coerce.test.ts"
  },
  {
    "name": "continuability",
    "file": "/home/azureuser/zodlil/vendor/zod/packages/zod/src/v4/classic/tests/continuability.test.ts"
  },
  {
    "name": "z.creditCard > accepts Visa",
    "file": "/home/azureuser/zodlil/vendor/zod/packages/zod/src/v4/classic/tests/credit-card.test.ts"
  },
  {
    "name": "z.creditCard > accepts Visa (13)",
    "file": "/home/azureuser/zodlil/vendor/zod/packages/zod/src/v4/classic/tests/credit-card.test.ts"
  },
  {
    "name": "z.creditCard > accepts Mastercard",
    "file": "/home/azureuser/zodlil/vendor/zod/packages/zod/src/v4/classic/tests/credit-card.test.ts"
  },
  {
    "name": "z.creditCard > accepts AmEx",
    "file": "/home/azureuser/zodlil/vendor/zod/packages/zod/src/v4/classic/tests/credit-card.test.ts"
  },
  {
    "name": "z.creditCard > accepts Discover",
    "file": "/home/azureuser/zodlil/vendor/zod/packages/zod/src/v4/classic/tests/credit-card.test.ts"
  },
  {
    "name": "z.creditCard > accepts JCB",
    "file": "/home/azureuser/zodlil/vendor/zod/packages/zod/src/v4/classic/tests/credit-card.test.ts"
  },
  {
    "name": "z.creditCard > accepts Diners Club",
    "file": "/home/azureuser/zodlil/vendor/zod/packages/zod/src/v4/classic/tests/credit-card.test.ts"
  },
  {
    "name": "z.creditCard > accepts UnionPay",
    "file": "/home/azureuser/zodlil/vendor/zod/packages/zod/src/v4/classic/tests/credit-card.test.ts"
  },
  {
    "name": "z.creditCard > accepts Mir",
    "file": "/home/azureuser/zodlil/vendor/zod/packages/zod/src/v4/classic/tests/credit-card.test.ts"
  },
  {
    "name": "z.creditCard > accepts Elo",
    "file": "/home/azureuser/zodlil/vendor/zod/packages/zod/src/v4/classic/tests/credit-card.test.ts"
  },
  {
    "name": "z.creditCard > accepts Discover 644-649",
    "file": "/home/azureuser/zodlil/vendor/zod/packages/zod/src/v4/classic/tests/credit-card.test.ts"
  },
  {
    "name": "z.creditCard > accepts Troy",
    "file": "/home/azureuser/zodlil/vendor/zod/packages/zod/src/v4/classic/tests/credit-card.test.ts"
  },
  {
    "name": "z.creditCard > accepts single space or hyphen separators",
    "file": "/home/azureuser/zodlil/vendor/zod/packages/zod/src/v4/classic/tests/credit-card.test.ts"
  },
  {
    "name": "z.creditCard > rejects other separator shapes",
    "file": "/home/azureuser/zodlil/vendor/zod/packages/zod/src/v4/classic/tests/credit-card.test.ts"
  },
  {
    "name": "z.creditCard > accepts the 12- and 19-digit length bounds",
    "file": "/home/azureuser/zodlil/vendor/zod/packages/zod/src/v4/classic/tests/credit-card.test.ts"
  },
  {
    "name": "z.creditCard > rejects Luhn-valid input outside 12-19 digits",
    "file": "/home/azureuser/zodlil/vendor/zod/packages/zod/src/v4/classic/tests/credit-card.test.ts"
  },
  {
    "name": "z.creditCard > rejects when Luhn fails (right shape, wrong checksum)",
    "file": "/home/azureuser/zodlil/vendor/zod/packages/zod/src/v4/classic/tests/credit-card.test.ts"
  },
  {
    "name": "z.creditCard > rejects non-digit input",
    "file": "/home/azureuser/zodlil/vendor/zod/packages/zod/src/v4/classic/tests/credit-card.test.ts"
  },
  {
    "name": "z.creditCard > carries the shape regex as its JSON Schema pattern",
    "file": "/home/azureuser/zodlil/vendor/zod/packages/zod/src/v4/classic/tests/credit-card.test.ts"
  },
  {
    "name": "z.creditCard > round-trips through JSON Schema with the checksum intact",
    "file": "/home/azureuser/zodlil/vendor/zod/packages/zod/src/v4/classic/tests/credit-card.test.ts"
  },
  {
    "name": "z.creditCard > error message references credit card",
    "file": "/home/azureuser/zodlil/vendor/zod/packages/zod/src/v4/classic/tests/credit-card.test.ts"
  },
  {
    "name": "passing validations",
    "file": "/home/azureuser/zodlil/vendor/zod/packages/zod/src/v4/classic/tests/custom.test.ts"
  },
  {
    "name": "string params",
    "file": "/home/azureuser/zodlil/vendor/zod/packages/zod/src/v4/classic/tests/custom.test.ts"
  },
  {
    "name": "instanceof",
    "file": "/home/azureuser/zodlil/vendor/zod/packages/zod/src/v4/classic/tests/custom.test.ts"
  },
  {
    "name": "non-continuable by default",
    "file": "/home/azureuser/zodlil/vendor/zod/packages/zod/src/v4/classic/tests/custom.test.ts"
  },
  {
    "name": "parses a self-referential object and preserves identity",
    "file": "/home/azureuser/zodlil/vendor/zod/packages/zod/src/v4/classic/tests/cyclic-data.test.ts"
  },
  {
    "name": "validates a node against every schema that reaches it",
    "file": "/home/azureuser/zodlil/vendor/zod/packages/zod/src/v4/classic/tests/cyclic-data.test.ts"
  },
  {
    "name": "breaks cycles through every container",
    "file": "/home/azureuser/zodlil/vendor/zod/packages/zod/src/v4/classic/tests/cyclic-data.test.ts"
  },
  {
    "name": "checks run once per node and never against a half-built object",
    "file": "/home/azureuser/zodlil/vendor/zod/packages/zod/src/v4/classic/tests/cyclic-data.test.ts"
  },
  {
    "name": "reports a failing check inside a cycle",
    "file": "/home/azureuser/zodlil/vendor/zod/packages/zod/src/v4/classic/tests/cyclic-data.test.ts"
  },
  {
    "name": "reports an invalid value inside a cycle once, at its own path",
    "file": "/home/azureuser/zodlil/vendor/zod/packages/zod/src/v4/classic/tests/cyclic-data.test.ts"
  },
  {
    "name": "rejects a cycle that closes through a transform",
    "file": "/home/azureuser/zodlil/vendor/zod/packages/zod/src/v4/classic/tests/cyclic-data.test.ts"
  },
  {
    "name": "leaves a transform that is not on the cycle alone",
    "file": "/home/azureuser/zodlil/vendor/zod/packages/zod/src/v4/classic/tests/cyclic-data.test.ts"
  },
  {
    "name": "encodes through a cycle",
    "file": "/home/azureuser/zodlil/vendor/zod/packages/zod/src/v4/classic/tests/cyclic-data.test.ts"
  },
  {
    "name": "keeps separate parses independent",
    "file": "/home/azureuser/zodlil/vendor/zod/packages/zod/src/v4/classic/tests/cyclic-data.test.ts"
  },
  {
    "name": "parses a cycle asynchronously",
    "file": "/home/azureuser/zodlil/vendor/zod/packages/zod/src/v4/classic/tests/cyclic-data.test.ts"
  },
  {
    "name": "a non-recursive schema still copies a shared reference twice",
    "file": "/home/azureuser/zodlil/vendor/zod/packages/zod/src/v4/classic/tests/cyclic-data.test.ts"
  },
  {
    "name": "a recursive schema shares one output node per input node",
    "file": "/home/azureuser/zodlil/vendor/zod/packages/zod/src/v4/classic/tests/cyclic-data.test.ts"
  },
  {
    "name": "sync and async agree on a shared reference",
    "file": "/home/azureuser/zodlil/vendor/zod/packages/zod/src/v4/classic/tests/cyclic-data.test.ts"
  },
  {
    "name": "a cycle through .readonly() keeps the node intact",
    "file": "/home/azureuser/zodlil/vendor/zod/packages/zod/src/v4/classic/tests/cyclic-data.test.ts"
  },
  {
    "name": "a cycle through z.intersection validates but does not mirror the graph",
    "file": "/home/azureuser/zodlil/vendor/zod/packages/zod/src/v4/classic/tests/cyclic-data.test.ts"
  },
  {
    "name": "keeps two cycles and a shared node distinct in one input",
    "file": "/home/azureuser/zodlil/vendor/zod/packages/zod/src/v4/classic/tests/cyclic-data.test.ts"
  },
  {
    "name": "closes a cycle through a Map key and a Set member",
    "file": "/home/azureuser/zodlil/vendor/zod/packages/zod/src/v4/classic/tests/cyclic-data.test.ts"
  },
  {
    "name": "does not mutate the input, and tolerates a frozen one",
    "file": "/home/azureuser/zodlil/vendor/zod/packages/zod/src/v4/classic/tests/cyclic-data.test.ts"
  },
  {
    "name": "keys identity on the schema, not just the input",
    "file": "/home/azureuser/zodlil/vendor/zod/packages/zod/src/v4/classic/tests/cyclic-data.test.ts"
  },
  {
    "name": "keeps concurrent async parses of one schema independent",
    "file": "/home/azureuser/zodlil/vendor/zod/packages/zod/src/v4/classic/tests/cyclic-data.test.ts"
  },
  {
    "name": "runs checks once per reference, as it does without a cycle",
    "file": "/home/azureuser/zodlil/vendor/zod/packages/zod/src/v4/classic/tests/cyclic-data.test.ts"
  },
  {
    "name": "a schema wrapped at the root adds one node and no more",
    "file": "/home/azureuser/zodlil/vendor/zod/packages/zod/src/v4/classic/tests/cyclic-data.test.ts"
  },
  {
    "name": "resolves a recursive reference once, however it is written",
    "file": "/home/azureuser/zodlil/vendor/zod/packages/zod/src/v4/classic/tests/cyclic-data.test.ts"
  },
  {
    "name": "prefixes a shared node's issues once per reference (jitless: false)",
    "file": "/home/azureuser/zodlil/vendor/zod/packages/zod/src/v4/classic/tests/cyclic-data.test.ts"
  },
  {
    "name": "prefixes a shared node's issues once per reference (jitless: true)",
    "file": "/home/azureuser/zodlil/vendor/zod/packages/zod/src/v4/classic/tests/cyclic-data.test.ts"
  },
  {
    "name": "passing validations",
    "file": "/home/azureuser/zodlil/vendor/zod/packages/zod/src/v4/classic/tests/date.test.ts"
  },
  {
    "name": "date min",
    "file": "/home/azureuser/zodlil/vendor/zod/packages/zod/src/v4/classic/tests/date.test.ts"
  },
  {
    "name": "date max",
    "file": "/home/azureuser/zodlil/vendor/zod/packages/zod/src/v4/classic/tests/date.test.ts"
  },
  {
    "name": "date min/max origin with numeric bound",
    "file": "/home/azureuser/zodlil/vendor/zod/packages/zod/src/v4/classic/tests/date.test.ts"
  },
  {
    "name": "min max getters",
    "file": "/home/azureuser/zodlil/vendor/zod/packages/zod/src/v4/classic/tests/date.test.ts"
  },
  {
    "name": "basic datetime parsing",
    "file": "/home/azureuser/zodlil/vendor/zod/packages/zod/src/v4/classic/tests/datetime.test.ts"
  },
  {
    "name": "datetime parsing with precision -1",
    "file": "/home/azureuser/zodlil/vendor/zod/packages/zod/src/v4/classic/tests/datetime.test.ts"
  },
  {
    "name": "datetime parsing with precision 0",
    "file": "/home/azureuser/zodlil/vendor/zod/packages/zod/src/v4/classic/tests/datetime.test.ts"
  },
  {
    "name": "datetime parsing with precision 3",
    "file": "/home/azureuser/zodlil/vendor/zod/packages/zod/src/v4/classic/tests/datetime.test.ts"
  },
  {
    "name": "datetime parsing with offset",
    "file": "/home/azureuser/zodlil/vendor/zod/packages/zod/src/v4/classic/tests/datetime.test.ts"
  },
  {
    "name": "datetime parsing with offset and precision 0",
    "file": "/home/azureuser/zodlil/vendor/zod/packages/zod/src/v4/classic/tests/datetime.test.ts"
  },
  {
    "name": "datetime parsing with offset and precision 4",
    "file": "/home/azureuser/zodlil/vendor/zod/packages/zod/src/v4/classic/tests/datetime.test.ts"
  },
  {
    "name": "datetime offset normalization",
    "file": "/home/azureuser/zodlil/vendor/zod/packages/zod/src/v4/classic/tests/datetime.test.ts"
  },
  {
    "name": "datetime parsing with local option",
    "file": "/home/azureuser/zodlil/vendor/zod/packages/zod/src/v4/classic/tests/datetime.test.ts"
  },
  {
    "name": "datetime parsing with local and offset",
    "file": "/home/azureuser/zodlil/vendor/zod/packages/zod/src/v4/classic/tests/datetime.test.ts"
  },
  {
    "name": "date parsing",
    "file": "/home/azureuser/zodlil/vendor/zod/packages/zod/src/v4/classic/tests/datetime.test.ts"
  },
  {
    "name": "time parsing",
    "file": "/home/azureuser/zodlil/vendor/zod/packages/zod/src/v4/classic/tests/datetime.test.ts"
  },
  {
    "name": "duration",
    "file": "/home/azureuser/zodlil/vendor/zod/packages/zod/src/v4/classic/tests/datetime.test.ts"
  },
  {
    "name": "datetime pattern has no empty alternation branch",
    "file": "/home/azureuser/zodlil/vendor/zod/packages/zod/src/v4/classic/tests/datetime.test.ts"
  },
  {
    "name": "deepPartial > makes shallow object optional",
    "file": "/home/azureuser/zodlil/vendor/zod/packages/zod/src/v4/classic/tests/deep-partial.test.ts"
  },
  {
    "name": "deepPartial > makes nested object optional at every level",
    "file": "/home/azureuser/zodlil/vendor/zod/packages/zod/src/v4/classic/tests/deep-partial.test.ts"
  },
  {
    "name": "deepPartial > recurses through arrays",
    "file": "/home/azureuser/zodlil/vendor/zod/packages/zod/src/v4/classic/tests/deep-partial.test.ts"
  },
  {
    "name": "deepPartial > recurses through tuples and rest",
    "file": "/home/azureuser/zodlil/vendor/zod/packages/zod/src/v4/classic/tests/deep-partial.test.ts"
  },
  {
    "name": "deepPartial > recurses through unions",
    "file": "/home/azureuser/zodlil/vendor/zod/packages/zod/src/v4/classic/tests/deep-partial.test.ts"
  },
  {
    "name": "deepPartial > recurses through optional/nullable wrappers",
    "file": "/home/azureuser/zodlil/vendor/zod/packages/zod/src/v4/classic/tests/deep-partial.test.ts"
  },
  {
    "name": "deepPartial > terminates on recursive (lazy) schemas",
    "file": "/home/azureuser/zodlil/vendor/zod/packages/zod/src/v4/classic/tests/deep-partial.test.ts"
  },
  {
    "name": "deepPartial > preserves primitives at leaves",
    "file": "/home/azureuser/zodlil/vendor/zod/packages/zod/src/v4/classic/tests/deep-partial.test.ts"
  },
  {
    "name": "deepPartial > keyof preserved on output type",
    "file": "/home/azureuser/zodlil/vendor/zod/packages/zod/src/v4/classic/tests/deep-partial.test.ts"
  },
  {
    "name": "deepPartial > preserves ZodObject structural type; `.shape` is accessible",
    "file": "/home/azureuser/zodlil/vendor/zod/packages/zod/src/v4/classic/tests/deep-partial.test.ts"
  },
  {
    "name": "deepPartial > recursive self-reference (via getter) is typeable (no TS depth explosion)",
    "file": "/home/azureuser/zodlil/vendor/zod/packages/zod/src/v4/classic/tests/deep-partial.test.ts"
  },
  {
    "name": "deepPartial > preserves ZodArray / ZodTuple / ZodUnion wrappers",
    "file": "/home/azureuser/zodlil/vendor/zod/packages/zod/src/v4/classic/tests/deep-partial.test.ts"
  },
  {
    "name": "deepPartial > 3-level deep nesting",
    "file": "/home/azureuser/zodlil/vendor/zod/packages/zod/src/v4/classic/tests/deep-partial.test.ts"
  },
  {
    "name": "deepPartial > discriminated union: degrades to plain union (discriminator becomes optional)",
    "file": "/home/azureuser/zodlil/vendor/zod/packages/zod/src/v4/classic/tests/deep-partial.test.ts"
  },
  {
    "name": "deepPartial > intersection",
    "file": "/home/azureuser/zodlil/vendor/zod/packages/zod/src/v4/classic/tests/deep-partial.test.ts"
  },
  {
    "name": "deepPartial > record / map / set value schemas are recursed",
    "file": "/home/azureuser/zodlil/vendor/zod/packages/zod/src/v4/classic/tests/deep-partial.test.ts"
  },
  {
    "name": "deepPartial > wrapper composition (optional + default + readonly)",
    "file": "/home/azureuser/zodlil/vendor/zod/packages/zod/src/v4/classic/tests/deep-partial.test.ts"
  },
  {
    "name": "deepPartial > transform standalone is left untouched",
    "file": "/home/azureuser/zodlil/vendor/zod/packages/zod/src/v4/classic/tests/deep-partial.test.ts"
  },
  {
    "name": "deepPartial > pipe input and output are both recursed",
    "file": "/home/azureuser/zodlil/vendor/zod/packages/zod/src/v4/classic/tests/deep-partial.test.ts"
  },
  {
    "name": "deepPartial > tuple elements stay required — only *objects inside* become partial",
    "file": "/home/azureuser/zodlil/vendor/zod/packages/zod/src/v4/classic/tests/deep-partial.test.ts"
  },
  {
    "name": "deepPartial > intersection: both sides are deep-partialed independently",
    "file": "/home/azureuser/zodlil/vendor/zod/packages/zod/src/v4/classic/tests/deep-partial.test.ts"
  },
  {
    "name": "deepPartial > ZodPromise: inner is recursed",
    "file": "/home/azureuser/zodlil/vendor/zod/packages/zod/src/v4/classic/tests/deep-partial.test.ts"
  },
  {
    "name": "deepPartial > ZodSuccess: inner is recursed",
    "file": "/home/azureuser/zodlil/vendor/zod/packages/zod/src/v4/classic/tests/deep-partial.test.ts"
  },
  {
    "name": "deepPartial > ZodCodec: both sides recursed; preserved as ZodCodec (not degraded to ZodPipe)",
    "file": "/home/azureuser/zodlil/vendor/zod/packages/zod/src/v4/classic/tests/deep-partial.test.ts"
  },
  {
    "name": "deepPartial > ZodPreprocess: inner is recursed; preserved as ZodPreprocess (not degraded to ZodPipe)",
    "file": "/home/azureuser/zodlil/vendor/zod/packages/zod/src/v4/classic/tests/deep-partial.test.ts"
  },
  {
    "name": "deepPartial > catchall value schema is recursed; strict/loose catchalls are preserved",
    "file": "/home/azureuser/zodlil/vendor/zod/packages/zod/src/v4/classic/tests/deep-partial.test.ts"
  },
  {
    "name": "deepPartial > discriminated union nested inside an array degrades and still matches",
    "file": "/home/azureuser/zodlil/vendor/zod/packages/zod/src/v4/classic/tests/deep-partial.test.ts"
  },
  {
    "name": "deepPartial > does not mutate the source schema",
    "file": "/home/azureuser/zodlil/vendor/zod/packages/zod/src/v4/classic/tests/deep-partial.test.ts"
  },
  {
    "name": "visit (internal) > identity callback returns the input schema unchanged",
    "file": "/home/azureuser/zodlil/vendor/zod/packages/zod/src/v4/classic/tests/deep-partial.test.ts"
  },
  {
    "name": "visit (internal) > empty handler map returns the input schema unchanged",
    "file": "/home/azureuser/zodlil/vendor/zod/packages/zod/src/v4/classic/tests/deep-partial.test.ts"
  },
  {
    "name": "visit (internal) > only nodes touched by a handler are re-cloned; siblings keep identity",
    "file": "/home/azureuser/zodlil/vendor/zod/packages/zod/src/v4/classic/tests/deep-partial.test.ts"
  },
  {
    "name": "visit (internal) > callback: can target a specific def.type",
    "file": "/home/azureuser/zodlil/vendor/zod/packages/zod/src/v4/classic/tests/deep-partial.test.ts"
  },
  {
    "name": "visit (internal) > handler map: dispatches by kind; unhandled kinds pass through",
    "file": "/home/azureuser/zodlil/vendor/zod/packages/zod/src/v4/classic/tests/deep-partial.test.ts"
  },
  {
    "name": "visit (internal) > visits shared sub-schemas only once",
    "file": "/home/azureuser/zodlil/vendor/zod/packages/zod/src/v4/classic/tests/deep-partial.test.ts"
  },
  {
    "name": "visit (internal) > root is cached: lazy self-reference does not re-invoke fn at parse-time",
    "file": "/home/azureuser/zodlil/vendor/zod/packages/zod/src/v4/classic/tests/deep-partial.test.ts"
  },
  {
    "name": "visit (internal) > unknown def.type falls through unchanged (handler map form)",
    "file": "/home/azureuser/zodlil/vendor/zod/packages/zod/src/v4/classic/tests/deep-partial.test.ts"
  },
  {
    "name": "visit (internal) > non-lazy (getter) cycle resolves through the cache instead of throwing",
    "file": "/home/azureuser/zodlil/vendor/zod/packages/zod/src/v4/classic/tests/deep-partial.test.ts"
  },
  {
    "name": "visit (internal) > catchall is traversed like tuple rest",
    "file": "/home/azureuser/zodlil/vendor/zod/packages/zod/src/v4/classic/tests/deep-partial.test.ts"
  },
  {
    "name": "visit (internal) > an already-resolved lazy is still rewritten",
    "file": "/home/azureuser/zodlil/vendor/zod/packages/zod/src/v4/classic/tests/deep-partial.test.ts"
  },
  {
    "name": "first ZodType construction registers the English default locale",
    "file": "/home/azureuser/zodlil/vendor/zod/packages/zod/src/v4/classic/tests/default-locale.test.ts"
  },
  {
    "name": "explicit locale set before schema construction is preserved",
    "file": "/home/azureuser/zodlil/vendor/zod/packages/zod/src/v4/classic/tests/default-locale.test.ts"
  },
  {
    "name": "explicit locale set after schema construction overrides default",
    "file": "/home/azureuser/zodlil/vendor/zod/packages/zod/src/v4/classic/tests/default-locale.test.ts"
  },
  {
    "name": "basic defaults",
    "file": "/home/azureuser/zodlil/vendor/zod/packages/zod/src/v4/classic/tests/default.test.ts"
  },
  {
    "name": "default with optional",
    "file": "/home/azureuser/zodlil/vendor/zod/packages/zod/src/v4/classic/tests/default.test.ts"
  },
  {
    "name": "default with transform",
    "file": "/home/azureuser/zodlil/vendor/zod/packages/zod/src/v4/classic/tests/default.test.ts"
  },
  {
    "name": "default on existing optional",
    "file": "/home/azureuser/zodlil/vendor/zod/packages/zod/src/v4/classic/tests/default.test.ts"
  },
  {
    "name": "optional on default",
    "file": "/home/azureuser/zodlil/vendor/zod/packages/zod/src/v4/classic/tests/default.test.ts"
  },
  {
    "name": "removeDefault",
    "file": "/home/azureuser/zodlil/vendor/zod/packages/zod/src/v4/classic/tests/default.test.ts"
  },
  {
    "name": "apply default at output",
    "file": "/home/azureuser/zodlil/vendor/zod/packages/zod/src/v4/classic/tests/default.test.ts"
  },
  {
    "name": "nested",
    "file": "/home/azureuser/zodlil/vendor/zod/packages/zod/src/v4/classic/tests/default.test.ts"
  },
  {
    "name": "chained defaults",
    "file": "/home/azureuser/zodlil/vendor/zod/packages/zod/src/v4/classic/tests/default.test.ts"
  },
  {
    "name": "object optionality",
    "file": "/home/azureuser/zodlil/vendor/zod/packages/zod/src/v4/classic/tests/default.test.ts"
  },
  {
    "name": "nested prefault/default",
    "file": "/home/azureuser/zodlil/vendor/zod/packages/zod/src/v4/classic/tests/default.test.ts"
  },
  {
    "name": "failing default",
    "file": "/home/azureuser/zodlil/vendor/zod/packages/zod/src/v4/classic/tests/default.test.ts"
  },
  {
    "name": "partial should not clobber defaults",
    "file": "/home/azureuser/zodlil/vendor/zod/packages/zod/src/v4/classic/tests/default.test.ts"
  },
  {
    "name": "defaulted object schema returns shallow clone",
    "file": "/home/azureuser/zodlil/vendor/zod/packages/zod/src/v4/classic/tests/default.test.ts"
  },
  {
    "name": "defaulted array schema returns shallow clone",
    "file": "/home/azureuser/zodlil/vendor/zod/packages/zod/src/v4/classic/tests/default.test.ts"
  },
  {
    "name": "defaulted Map schema returns shallow clone",
    "file": "/home/azureuser/zodlil/vendor/zod/packages/zod/src/v4/classic/tests/default.test.ts"
  },
  {
    "name": "defaulted Set schema returns shallow clone",
    "file": "/home/azureuser/zodlil/vendor/zod/packages/zod/src/v4/classic/tests/default.test.ts"
  },
  {
    "name": "mutations on defaulted Map do not affect subsequent parses",
    "file": "/home/azureuser/zodlil/vendor/zod/packages/zod/src/v4/classic/tests/default.test.ts"
  },
  {
    "name": "mutations on defaulted Set do not affect subsequent parses",
    "file": "/home/azureuser/zodlil/vendor/zod/packages/zod/src/v4/classic/tests/default.test.ts"
  },
  {
    "name": "direction-aware defaults",
    "file": "/home/azureuser/zodlil/vendor/zod/packages/zod/src/v4/classic/tests/default.test.ts"
  },
  {
    "name": "z.describe() check > registers description in globalRegistry",
    "file": "/home/azureuser/zodlil/vendor/zod/packages/zod/src/v4/classic/tests/describe-meta-checks.test.ts"
  },
  {
    "name": "z.meta() check > registers metadata in globalRegistry",
    "file": "/home/azureuser/zodlil/vendor/zod/packages/zod/src/v4/classic/tests/describe-meta-checks.test.ts"
  },
  {
    "name": "combined usage > works with multiple checks",
    "file": "/home/azureuser/zodlil/vendor/zod/packages/zod/src/v4/classic/tests/describe-meta-checks.test.ts"
  },
  {
    "name": ".describe",
    "file": "/home/azureuser/zodlil/vendor/zod/packages/zod/src/v4/classic/tests/description.test.ts"
  },
  {
    "name": "adding description with z.globalRegistry",
    "file": "/home/azureuser/zodlil/vendor/zod/packages/zod/src/v4/classic/tests/description.test.ts"
  },
  {
    "name": "detached parse-family methods work without `this` binding",
    "file": "/home/azureuser/zodlil/vendor/zod/packages/zod/src/v4/classic/tests/detached-methods.test.ts"
  },
  {
    "name": "detached schema.optional() returns a working ZodOptional",
    "file": "/home/azureuser/zodlil/vendor/zod/packages/zod/src/v4/classic/tests/detached-methods.test.ts"
  },
  {
    "name": "detached schema.nullable() returns a working ZodNullable",
    "file": "/home/azureuser/zodlil/vendor/zod/packages/zod/src/v4/classic/tests/detached-methods.test.ts"
  },
  {
    "name": "detached schema.array() returns a working ZodArray",
    "file": "/home/azureuser/zodlil/vendor/zod/packages/zod/src/v4/classic/tests/detached-methods.test.ts"
  },
  {
    "name": "detached schema.describe() returns a described schema",
    "file": "/home/azureuser/zodlil/vendor/zod/packages/zod/src/v4/classic/tests/detached-methods.test.ts"
  },
  {
    "name": "detached refinement still validates",
    "file": "/home/azureuser/zodlil/vendor/zod/packages/zod/src/v4/classic/tests/detached-methods.test.ts"
  },
  {
    "name": "detached chained calls work — schema.optional then parse",
    "file": "/home/azureuser/zodlil/vendor/zod/packages/zod/src/v4/classic/tests/detached-methods.test.ts"
  },
  {
    "name": "detached parse can be called as a free function",
    "file": "/home/azureuser/zodlil/vendor/zod/packages/zod/src/v4/classic/tests/detached-methods.test.ts"
  },
  {
    "name": "detached methods on z.number() work",
    "file": "/home/azureuser/zodlil/vendor/zod/packages/zod/src/v4/classic/tests/detached-methods.test.ts"
  },
  {
    "name": "detached object methods work",
    "file": "/home/azureuser/zodlil/vendor/zod/packages/zod/src/v4/classic/tests/detached-methods.test.ts"
  },
  {
    "name": "broad sweep: detaching builder methods does not throw or produce a corrupt schema",
    "file": "/home/azureuser/zodlil/vendor/zod/packages/zod/src/v4/classic/tests/detached-methods.test.ts"
  },
  {
    "name": "_values",
    "file": "/home/azureuser/zodlil/vendor/zod/packages/zod/src/v4/classic/tests/discriminated-unions.test.ts"
  },
  {
    "name": "valid parse - object",
    "file": "/home/azureuser/zodlil/vendor/zod/packages/zod/src/v4/classic/tests/discriminated-unions.test.ts"
  },
  {
    "name": "valid - include discriminator key (deprecated)",
    "file": "/home/azureuser/zodlil/vendor/zod/packages/zod/src/v4/classic/tests/discriminated-unions.test.ts"
  },
  {
    "name": "valid - optional discriminator (object)",
    "file": "/home/azureuser/zodlil/vendor/zod/packages/zod/src/v4/classic/tests/discriminated-unions.test.ts"
  },
  {
    "name": "valid - discriminator value of various primitive types",
    "file": "/home/azureuser/zodlil/vendor/zod/packages/zod/src/v4/classic/tests/discriminated-unions.test.ts"
  },
  {
    "name": "invalid - null",
    "file": "/home/azureuser/zodlil/vendor/zod/packages/zod/src/v4/classic/tests/discriminated-unions.test.ts"
  },
  {
    "name": "invalid discriminator value",
    "file": "/home/azureuser/zodlil/vendor/zod/packages/zod/src/v4/classic/tests/discriminated-unions.test.ts"
  },
  {
    "name": "invalid discriminator value - unionFallback",
    "file": "/home/azureuser/zodlil/vendor/zod/packages/zod/src/v4/classic/tests/discriminated-unions.test.ts"
  },
  {
    "name": "valid discriminator value, invalid data",
    "file": "/home/azureuser/zodlil/vendor/zod/packages/zod/src/v4/classic/tests/discriminated-unions.test.ts"
  },
  {
    "name": "wrong schema - missing discriminator",
    "file": "/home/azureuser/zodlil/vendor/zod/packages/zod/src/v4/classic/tests/discriminated-unions.test.ts"
  },
  {
    "name": "the construction check follows shape through both of its phases",
    "file": "/home/azureuser/zodlil/vendor/zod/packages/zod/src/v4/classic/tests/discriminated-unions.test.ts"
  },
  {
    "name": "deriving a schema neither clobbers nor is inherited by the source",
    "file": "/home/azureuser/zodlil/vendor/zod/packages/zod/src/v4/classic/tests/discriminated-unions.test.ts"
  },
  {
    "name": "mutually-recursive getter options are checked without resolving them",
    "file": "/home/azureuser/zodlil/vendor/zod/packages/zod/src/v4/classic/tests/discriminated-unions.test.ts"
  },
  {
    "name": "async - valid",
    "file": "/home/azureuser/zodlil/vendor/zod/packages/zod/src/v4/classic/tests/discriminated-unions.test.ts"
  },
  {
    "name": "async - invalid",
    "file": "/home/azureuser/zodlil/vendor/zod/packages/zod/src/v4/classic/tests/discriminated-unions.test.ts"
  },
  {
    "name": "valid - literals with .default or .pipe",
    "file": "/home/azureuser/zodlil/vendor/zod/packages/zod/src/v4/classic/tests/discriminated-unions.test.ts"
  },
  {
    "name": "enum and nativeEnum",
    "file": "/home/azureuser/zodlil/vendor/zod/packages/zod/src/v4/classic/tests/discriminated-unions.test.ts"
  },
  {
    "name": "branded",
    "file": "/home/azureuser/zodlil/vendor/zod/packages/zod/src/v4/classic/tests/discriminated-unions.test.ts"
  },
  {
    "name": "optional and nullable",
    "file": "/home/azureuser/zodlil/vendor/zod/packages/zod/src/v4/classic/tests/discriminated-unions.test.ts"
  },
  {
    "name": "multiple discriminators",
    "file": "/home/azureuser/zodlil/vendor/zod/packages/zod/src/v4/classic/tests/discriminated-unions.test.ts"
  },
  {
    "name": "single element union",
    "file": "/home/azureuser/zodlil/vendor/zod/packages/zod/src/v4/classic/tests/discriminated-unions.test.ts"
  },
  {
    "name": "nested discriminated unions",
    "file": "/home/azureuser/zodlil/vendor/zod/packages/zod/src/v4/classic/tests/discriminated-unions.test.ts"
  },
  {
    "name": "readonly literal discriminator",
    "file": "/home/azureuser/zodlil/vendor/zod/packages/zod/src/v4/classic/tests/discriminated-unions.test.ts"
  },
  {
    "name": "pipes",
    "file": "/home/azureuser/zodlil/vendor/zod/packages/zod/src/v4/classic/tests/discriminated-unions.test.ts"
  },
  {
    "name": "def",
    "file": "/home/azureuser/zodlil/vendor/zod/packages/zod/src/v4/classic/tests/discriminated-unions.test.ts"
  },
  {
    "name": "encode with codec discriminator",
    "file": "/home/azureuser/zodlil/vendor/zod/packages/zod/src/v4/classic/tests/discriminated-unions.test.ts"
  },
  {
    "name": "getDiscriminatedOption",
    "file": "/home/azureuser/zodlil/vendor/zod/packages/zod/src/v4/classic/tests/discriminated-unions.test.ts"
  },
  {
    "name": "getDiscriminatedOption — multi-value members and non-string discriminators",
    "file": "/home/azureuser/zodlil/vendor/zod/packages/zod/src/v4/classic/tests/discriminated-unions.test.ts"
  },
  {
    "name": "getDiscriminatedOption caches in the bag and costs nothing until called",
    "file": "/home/azureuser/zodlil/vendor/zod/packages/zod/src/v4/classic/tests/discriminated-unions.test.ts"
  },
  {
    "name": "Object.prototype discriminator name: __proto__",
    "file": "/home/azureuser/zodlil/vendor/zod/packages/zod/src/v4/classic/tests/discriminated-unions.test.ts"
  },
  {
    "name": "Object.prototype discriminator name: constructor",
    "file": "/home/azureuser/zodlil/vendor/zod/packages/zod/src/v4/classic/tests/discriminated-unions.test.ts"
  },
  {
    "name": "Object.prototype discriminator name: toString",
    "file": "/home/azureuser/zodlil/vendor/zod/packages/zod/src/v4/classic/tests/discriminated-unions.test.ts"
  },
  {
    "name": "Object.prototype discriminator name: hasOwnProperty",
    "file": "/home/azureuser/zodlil/vendor/zod/packages/zod/src/v4/classic/tests/discriminated-unions.test.ts"
  },
  {
    "name": "Object.prototype discriminator name: valueOf",
    "file": "/home/azureuser/zodlil/vendor/zod/packages/zod/src/v4/classic/tests/discriminated-unions.test.ts"
  },
  {
    "name": "an omittable discriminator claims undefined",
    "file": "/home/azureuser/zodlil/vendor/zod/packages/zod/src/v4/classic/tests/discriminated-unions.test.ts"
  },
  {
    "name": "enum from string array",
    "file": "/home/azureuser/zodlil/vendor/zod/packages/zod/src/v4/classic/tests/enum.test.ts"
  },
  {
    "name": "enum from const object",
    "file": "/home/azureuser/zodlil/vendor/zod/packages/zod/src/v4/classic/tests/enum.test.ts"
  },
  {
    "name": "enum from native enum",
    "file": "/home/azureuser/zodlil/vendor/zod/packages/zod/src/v4/classic/tests/enum.test.ts"
  },
  {
    "name": "enum from native enum with numeric keys",
    "file": "/home/azureuser/zodlil/vendor/zod/packages/zod/src/v4/classic/tests/enum.test.ts"
  },
  {
    "name": "issue metadata",
    "file": "/home/azureuser/zodlil/vendor/zod/packages/zod/src/v4/classic/tests/enum.test.ts"
  },
  {
    "name": "enum from non-const inputs",
    "file": "/home/azureuser/zodlil/vendor/zod/packages/zod/src/v4/classic/tests/enum.test.ts"
  },
  {
    "name": "get options",
    "file": "/home/azureuser/zodlil/vendor/zod/packages/zod/src/v4/classic/tests/enum.test.ts"
  },
  {
    "name": "readonly enum",
    "file": "/home/azureuser/zodlil/vendor/zod/packages/zod/src/v4/classic/tests/enum.test.ts"
  },
  {
    "name": "error map",
    "file": "/home/azureuser/zodlil/vendor/zod/packages/zod/src/v4/classic/tests/enum.test.ts"
  },
  {
    "name": "type signatures",
    "file": "/home/azureuser/zodlil/vendor/zod/packages/zod/src/v4/classic/tests/enum.test.ts"
  },
  {
    "name": "extract",
    "file": "/home/azureuser/zodlil/vendor/zod/packages/zod/src/v4/classic/tests/enum.test.ts"
  },
  {
    "name": "exclude",
    "file": "/home/azureuser/zodlil/vendor/zod/packages/zod/src/v4/classic/tests/enum.test.ts"
  },
  {
    "name": "error map inheritance",
    "file": "/home/azureuser/zodlil/vendor/zod/packages/zod/src/v4/classic/tests/enum.test.ts"
  },
  {
    "name": "readonly in ZodEnumDef",
    "file": "/home/azureuser/zodlil/vendor/zod/packages/zod/src/v4/classic/tests/enum.test.ts"
  },
  {
    "name": "enum error message, invalid enum elementstring",
    "file": "/home/azureuser/zodlil/vendor/zod/packages/zod/src/v4/classic/tests/enum.test.ts"
  },
  {
    "name": "enum error message, invalid type",
    "file": "/home/azureuser/zodlil/vendor/zod/packages/zod/src/v4/classic/tests/enum.test.ts"
  },
  {
    "name": "nativeEnum default error message",
    "file": "/home/azureuser/zodlil/vendor/zod/packages/zod/src/v4/classic/tests/enum.test.ts"
  },
  {
    "name": "enum with message returns the custom error message",
    "file": "/home/azureuser/zodlil/vendor/zod/packages/zod/src/v4/classic/tests/enum.test.ts"
  },
  {
    "name": "enum with diagonal keys",
    "file": "/home/azureuser/zodlil/vendor/zod/packages/zod/src/v4/classic/tests/enum.test.ts"
  },
  {
    "name": "regular error",
    "file": "/home/azureuser/zodlil/vendor/zod/packages/zod/src/v4/classic/tests/error-utils.test.ts"
  },
  {
    "name": ".flatten()",
    "file": "/home/azureuser/zodlil/vendor/zod/packages/zod/src/v4/classic/tests/error-utils.test.ts"
  },
  {
    "name": "custom .flatten()",
    "file": "/home/azureuser/zodlil/vendor/zod/packages/zod/src/v4/classic/tests/error-utils.test.ts"
  },
  {
    "name": ".format()",
    "file": "/home/azureuser/zodlil/vendor/zod/packages/zod/src/v4/classic/tests/error-utils.test.ts"
  },
  {
    "name": "custom .format()",
    "file": "/home/azureuser/zodlil/vendor/zod/packages/zod/src/v4/classic/tests/error-utils.test.ts"
  },
  {
    "name": "all errors",
    "file": "/home/azureuser/zodlil/vendor/zod/packages/zod/src/v4/classic/tests/error-utils.test.ts"
  },
  {
    "name": "z.treeifyError",
    "file": "/home/azureuser/zodlil/vendor/zod/packages/zod/src/v4/classic/tests/error-utils.test.ts"
  },
  {
    "name": "z.treeifyError 2",
    "file": "/home/azureuser/zodlil/vendor/zod/packages/zod/src/v4/classic/tests/error-utils.test.ts"
  },
  {
    "name": "z.prettifyError",
    "file": "/home/azureuser/zodlil/vendor/zod/packages/zod/src/v4/classic/tests/error-utils.test.ts"
  },
  {
    "name": "z.toDotPath",
    "file": "/home/azureuser/zodlil/vendor/zod/packages/zod/src/v4/classic/tests/error-utils.test.ts"
  },
  {
    "name": "inheritance",
    "file": "/home/azureuser/zodlil/vendor/zod/packages/zod/src/v4/classic/tests/error-utils.test.ts"
  },
  {
    "name": "disc union treeify/format",
    "file": "/home/azureuser/zodlil/vendor/zod/packages/zod/src/v4/classic/tests/error-utils.test.ts"
  },
  {
    "name": "update message after adding issues",
    "file": "/home/azureuser/zodlil/vendor/zod/packages/zod/src/v4/classic/tests/error-utils.test.ts"
  },
  {
    "name": "z.formatError nested union preserves parent path",
    "file": "/home/azureuser/zodlil/vendor/zod/packages/zod/src/v4/classic/tests/error-utils.test.ts"
  },
  {
    "name": "z.treeifyError nested union preserves parent path",
    "file": "/home/azureuser/zodlil/vendor/zod/packages/zod/src/v4/classic/tests/error-utils.test.ts"
  },
  {
    "name": "z.treeifyError deeply nested union (4 levels) preserves full path",
    "file": "/home/azureuser/zodlil/vendor/zod/packages/zod/src/v4/classic/tests/error-utils.test.ts"
  },
  {
    "name": "z.treeifyError nested union with real schema",
    "file": "/home/azureuser/zodlil/vendor/zod/packages/zod/src/v4/classic/tests/error-utils.test.ts"
  },
  {
    "name": "z.formatError handles Object.prototype property path: __proto__",
    "file": "/home/azureuser/zodlil/vendor/zod/packages/zod/src/v4/classic/tests/error-utils.test.ts"
  },
  {
    "name": "z.formatError handles Object.prototype property path: constructor",
    "file": "/home/azureuser/zodlil/vendor/zod/packages/zod/src/v4/classic/tests/error-utils.test.ts"
  },
  {
    "name": "z.formatError handles Object.prototype property path: toString",
    "file": "/home/azureuser/zodlil/vendor/zod/packages/zod/src/v4/classic/tests/error-utils.test.ts"
  },
  {
    "name": "z.formatError handles Object.prototype property path: hasOwnProperty",
    "file": "/home/azureuser/zodlil/vendor/zod/packages/zod/src/v4/classic/tests/error-utils.test.ts"
  },
  {
    "name": "z.formatError handles Object.prototype property path: valueOf",
    "file": "/home/azureuser/zodlil/vendor/zod/packages/zod/src/v4/classic/tests/error-utils.test.ts"
  },
  {
    "name": "z.treeifyError handles Object.prototype property path: __proto__",
    "file": "/home/azureuser/zodlil/vendor/zod/packages/zod/src/v4/classic/tests/error-utils.test.ts"
  },
  {
    "name": "z.treeifyError handles Object.prototype property path: constructor",
    "file": "/home/azureuser/zodlil/vendor/zod/packages/zod/src/v4/classic/tests/error-utils.test.ts"
  },
  {
    "name": "z.treeifyError handles Object.prototype property path: toString",
    "file": "/home/azureuser/zodlil/vendor/zod/packages/zod/src/v4/classic/tests/error-utils.test.ts"
  },
  {
    "name": "z.treeifyError handles Object.prototype property path: hasOwnProperty",
    "file": "/home/azureuser/zodlil/vendor/zod/packages/zod/src/v4/classic/tests/error-utils.test.ts"
  },
  {
    "name": "z.treeifyError handles Object.prototype property path: valueOf",
    "file": "/home/azureuser/zodlil/vendor/zod/packages/zod/src/v4/classic/tests/error-utils.test.ts"
  },
  {
    "name": "z.flattenError handles Object.prototype property path: __proto__",
    "file": "/home/azureuser/zodlil/vendor/zod/packages/zod/src/v4/classic/tests/error-utils.test.ts"
  },
  {
    "name": "z.flattenError handles Object.prototype property path: constructor",
    "file": "/home/azureuser/zodlil/vendor/zod/packages/zod/src/v4/classic/tests/error-utils.test.ts"
  },
  {
    "name": "z.flattenError handles Object.prototype property path: toString",
    "file": "/home/azureuser/zodlil/vendor/zod/packages/zod/src/v4/classic/tests/error-utils.test.ts"
  },
  {
    "name": "z.flattenError handles Object.prototype property path: hasOwnProperty",
    "file": "/home/azureuser/zodlil/vendor/zod/packages/zod/src/v4/classic/tests/error-utils.test.ts"
  },
  {
    "name": "z.flattenError handles Object.prototype property path: valueOf",
    "file": "/home/azureuser/zodlil/vendor/zod/packages/zod/src/v4/classic/tests/error-utils.test.ts"
  },
  {
    "name": "error formatters merge sibling issues under a __proto__ path",
    "file": "/home/azureuser/zodlil/vendor/zod/packages/zod/src/v4/classic/tests/error-utils.test.ts"
  },
  {
    "name": "error formatting leaves Object.prototype untouched for input-derived keys",
    "file": "/home/azureuser/zodlil/vendor/zod/packages/zod/src/v4/classic/tests/error-utils.test.ts"
  },
  {
    "name": "formatError handles an input-derived _errors path",
    "file": "/home/azureuser/zodlil/vendor/zod/packages/zod/src/v4/classic/tests/error-utils.test.ts"
  },
  {
    "name": "error walkers handle path elements named after inherited methods",
    "file": "/home/azureuser/zodlil/vendor/zod/packages/zod/src/v4/classic/tests/error-utils.test.ts"
  },
  {
    "name": "error creation",
    "file": "/home/azureuser/zodlil/vendor/zod/packages/zod/src/v4/classic/tests/error.test.ts"
  },
  {
    "name": "do not allow error and message together",
    "file": "/home/azureuser/zodlil/vendor/zod/packages/zod/src/v4/classic/tests/error.test.ts"
  },
  {
    "name": "type error with custom error map",
    "file": "/home/azureuser/zodlil/vendor/zod/packages/zod/src/v4/classic/tests/error.test.ts"
  },
  {
    "name": "refinement fail with params",
    "file": "/home/azureuser/zodlil/vendor/zod/packages/zod/src/v4/classic/tests/error.test.ts"
  },
  {
    "name": "hard coded error  with custom errormap",
    "file": "/home/azureuser/zodlil/vendor/zod/packages/zod/src/v4/classic/tests/error.test.ts"
  },
  {
    "name": "default error message",
    "file": "/home/azureuser/zodlil/vendor/zod/packages/zod/src/v4/classic/tests/error.test.ts"
  },
  {
    "name": "override error in refine",
    "file": "/home/azureuser/zodlil/vendor/zod/packages/zod/src/v4/classic/tests/error.test.ts"
  },
  {
    "name": "override error in refinement",
    "file": "/home/azureuser/zodlil/vendor/zod/packages/zod/src/v4/classic/tests/error.test.ts"
  },
  {
    "name": "array minimum",
    "file": "/home/azureuser/zodlil/vendor/zod/packages/zod/src/v4/classic/tests/error.test.ts"
  },
  {
    "name": "literal bigint default error message",
    "file": "/home/azureuser/zodlil/vendor/zod/packages/zod/src/v4/classic/tests/error.test.ts"
  },
  {
    "name": "custom path in custom error map",
    "file": "/home/azureuser/zodlil/vendor/zod/packages/zod/src/v4/classic/tests/error.test.ts"
  },
  {
    "name": "root level formatting",
    "file": "/home/azureuser/zodlil/vendor/zod/packages/zod/src/v4/classic/tests/error.test.ts"
  },
  {
    "name": "custom path",
    "file": "/home/azureuser/zodlil/vendor/zod/packages/zod/src/v4/classic/tests/error.test.ts"
  },
  {
    "name": "custom path",
    "file": "/home/azureuser/zodlil/vendor/zod/packages/zod/src/v4/classic/tests/error.test.ts"
  },
  {
    "name": "no abort early on refinements",
    "file": "/home/azureuser/zodlil/vendor/zod/packages/zod/src/v4/classic/tests/error.test.ts"
  },
  {
    "name": "detect issue with input fallback",
    "file": "/home/azureuser/zodlil/vendor/zod/packages/zod/src/v4/classic/tests/error.test.ts"
  },
  {
    "name": "formatting",
    "file": "/home/azureuser/zodlil/vendor/zod/packages/zod/src/v4/classic/tests/error.test.ts"
  },
  {
    "name": "formatting with nullable and optional fields",
    "file": "/home/azureuser/zodlil/vendor/zod/packages/zod/src/v4/classic/tests/error.test.ts"
  },
  {
    "name": "inferFlattenedErrors",
    "file": "/home/azureuser/zodlil/vendor/zod/packages/zod/src/v4/classic/tests/error.test.ts"
  },
  {
    "name": "schema-bound error map",
    "file": "/home/azureuser/zodlil/vendor/zod/packages/zod/src/v4/classic/tests/error.test.ts"
  },
  {
    "name": "bound error map overrides contextual",
    "file": "/home/azureuser/zodlil/vendor/zod/packages/zod/src/v4/classic/tests/error.test.ts"
  },
  {
    "name": "z.config customError ",
    "file": "/home/azureuser/zodlil/vendor/zod/packages/zod/src/v4/classic/tests/error.test.ts"
  },
  {
    "name": "bound error map covers issues raised by its own checks",
    "file": "/home/azureuser/zodlil/vendor/zod/packages/zod/src/v4/classic/tests/error.test.ts"
  },
  {
    "name": "a check's own error map beats the schema's",
    "file": "/home/azureuser/zodlil/vendor/zod/packages/zod/src/v4/classic/tests/error.test.ts"
  },
  {
    "name": "the schema's error map beats contextual and global for a check issue",
    "file": "/home/azureuser/zodlil/vendor/zod/packages/zod/src/v4/classic/tests/error.test.ts"
  },
  {
    "name": "a schema map returning undefined defers to the next rung, and runs once",
    "file": "/home/azureuser/zodlil/vendor/zod/packages/zod/src/v4/classic/tests/error.test.ts"
  },
  {
    "name": "empty string error message",
    "file": "/home/azureuser/zodlil/vendor/zod/packages/zod/src/v4/classic/tests/error.test.ts"
  },
  {
    "name": "dont short circuit on continuable errors",
    "file": "/home/azureuser/zodlil/vendor/zod/packages/zod/src/v4/classic/tests/error.test.ts"
  },
  {
    "name": "string error params",
    "file": "/home/azureuser/zodlil/vendor/zod/packages/zod/src/v4/classic/tests/error.test.ts"
  },
  {
    "name": "error inheritance",
    "file": "/home/azureuser/zodlil/vendor/zod/packages/zod/src/v4/classic/tests/error.test.ts"
  },
  {
    "name": "parse errors capture the caller stack frame",
    "file": "/home/azureuser/zodlil/vendor/zod/packages/zod/src/v4/classic/tests/error.test.ts"
  },
  {
    "name": "codec errors capture the caller stack frame",
    "file": "/home/azureuser/zodlil/vendor/zod/packages/zod/src/v4/classic/tests/error.test.ts"
  },
  {
    "name": "async errors that fail after suspending capture the caller stack frame",
    "file": "/home/azureuser/zodlil/vendor/zod/packages/zod/src/v4/classic/tests/error.test.ts"
  },
  {
    "name": "error serialization",
    "file": "/home/azureuser/zodlil/vendor/zod/packages/zod/src/v4/classic/tests/error.test.ts"
  },
  {
    "name": "message is lazy but stays own and enumerable",
    "file": "/home/azureuser/zodlil/vendor/zod/packages/zod/src/v4/classic/tests/error.test.ts"
  },
  {
    "name": "error helpers survive detaching",
    "file": "/home/azureuser/zodlil/vendor/zod/packages/zod/src/v4/classic/tests/error.test.ts"
  },
  {
    "name": "stack trace carries the message and the parse call site",
    "file": "/home/azureuser/zodlil/vendor/zod/packages/zod/src/v4/classic/tests/error.test.ts"
  },
  {
    "name": "error initializer never installs onto an intrinsic prototype",
    "file": "/home/azureuser/zodlil/vendor/zod/packages/zod/src/v4/classic/tests/error.test.ts"
  },
  {
    "name": "passing validations",
    "file": "/home/azureuser/zodlil/vendor/zod/packages/zod/src/v4/classic/tests/file.test.ts"
  },
  {
    "name": "types",
    "file": "/home/azureuser/zodlil/vendor/zod/packages/zod/src/v4/classic/tests/file.test.ts"
  },
  {
    "name": "failing validations",
    "file": "/home/azureuser/zodlil/vendor/zod/packages/zod/src/v4/classic/tests/file.test.ts"
  },
  {
    "name": "first party switch",
    "file": "/home/azureuser/zodlil/vendor/zod/packages/zod/src/v4/classic/tests/firstparty.test.ts"
  },
  {
    "name": "$ZodSchemaTypes",
    "file": "/home/azureuser/zodlil/vendor/zod/packages/zod/src/v4/classic/tests/firstparty.test.ts"
  },
  {
    "name": "issue reproduction should compile without type errors",
    "file": "/home/azureuser/zodlil/vendor/zod/packages/zod/src/v4/classic/tests/fix-json-issue.test.ts"
  },
  {
    "name": "basic string schema",
    "file": "/home/azureuser/zodlil/vendor/zod/packages/zod/src/v4/classic/tests/from-json-schema.test.ts"
  },
  {
    "name": "string with constraints",
    "file": "/home/azureuser/zodlil/vendor/zod/packages/zod/src/v4/classic/tests/from-json-schema.test.ts"
  },
  {
    "name": "pattern is not implicitly anchored",
    "file": "/home/azureuser/zodlil/vendor/zod/packages/zod/src/v4/classic/tests/from-json-schema.test.ts"
  },
  {
    "name": "number schema",
    "file": "/home/azureuser/zodlil/vendor/zod/packages/zod/src/v4/classic/tests/from-json-schema.test.ts"
  },
  {
    "name": "number with constraints",
    "file": "/home/azureuser/zodlil/vendor/zod/packages/zod/src/v4/classic/tests/from-json-schema.test.ts"
  },
  {
    "name": "draft-04 boolean exclusive bounds do not emit a redundant inclusive bound",
    "file": "/home/azureuser/zodlil/vendor/zod/packages/zod/src/v4/classic/tests/from-json-schema.test.ts"
  },
  {
    "name": "integer schema",
    "file": "/home/azureuser/zodlil/vendor/zod/packages/zod/src/v4/classic/tests/from-json-schema.test.ts"
  },
  {
    "name": "boolean schema",
    "file": "/home/azureuser/zodlil/vendor/zod/packages/zod/src/v4/classic/tests/from-json-schema.test.ts"
  },
  {
    "name": "null schema",
    "file": "/home/azureuser/zodlil/vendor/zod/packages/zod/src/v4/classic/tests/from-json-schema.test.ts"
  },
  {
    "name": "object schema",
    "file": "/home/azureuser/zodlil/vendor/zod/packages/zod/src/v4/classic/tests/from-json-schema.test.ts"
  },
  {
    "name": "object with additionalProperties false",
    "file": "/home/azureuser/zodlil/vendor/zod/packages/zod/src/v4/classic/tests/from-json-schema.test.ts"
  },
  {
    "name": "array schema",
    "file": "/home/azureuser/zodlil/vendor/zod/packages/zod/src/v4/classic/tests/from-json-schema.test.ts"
  },
  {
    "name": "array with constraints",
    "file": "/home/azureuser/zodlil/vendor/zod/packages/zod/src/v4/classic/tests/from-json-schema.test.ts"
  },
  {
    "name": "tuple with prefixItems (draft-2020-12)",
    "file": "/home/azureuser/zodlil/vendor/zod/packages/zod/src/v4/classic/tests/from-json-schema.test.ts"
  },
  {
    "name": "tuple with prefixItems and minItems (draft-2020-12)",
    "file": "/home/azureuser/zodlil/vendor/zod/packages/zod/src/v4/classic/tests/from-json-schema.test.ts"
  },
  {
    "name": "tuple with prefixItems allows extra items by default (draft-2020-12)",
    "file": "/home/azureuser/zodlil/vendor/zod/packages/zod/src/v4/classic/tests/from-json-schema.test.ts"
  },
  {
    "name": "tuple with prefixItems respects items schema (draft-2020-12)",
    "file": "/home/azureuser/zodlil/vendor/zod/packages/zod/src/v4/classic/tests/from-json-schema.test.ts"
  },
  {
    "name": "tuple with prefixItems and items true allows extra items (draft-2020-12)",
    "file": "/home/azureuser/zodlil/vendor/zod/packages/zod/src/v4/classic/tests/from-json-schema.test.ts"
  },
  {
    "name": "tuple with prefixItems and items false rejects extra items (draft-2020-12)",
    "file": "/home/azureuser/zodlil/vendor/zod/packages/zod/src/v4/classic/tests/from-json-schema.test.ts"
  },
  {
    "name": "tuple with items array (draft-7)",
    "file": "/home/azureuser/zodlil/vendor/zod/packages/zod/src/v4/classic/tests/from-json-schema.test.ts"
  },
  {
    "name": "tuple with items array and minItems (draft-7)",
    "file": "/home/azureuser/zodlil/vendor/zod/packages/zod/src/v4/classic/tests/from-json-schema.test.ts"
  },
  {
    "name": "tuple with items array allows extra items by default (draft-7)",
    "file": "/home/azureuser/zodlil/vendor/zod/packages/zod/src/v4/classic/tests/from-json-schema.test.ts"
  },
  {
    "name": "tuple with items array and additionalItems true allows extra items (draft-7)",
    "file": "/home/azureuser/zodlil/vendor/zod/packages/zod/src/v4/classic/tests/from-json-schema.test.ts"
  },
  {
    "name": "tuple with items array respects additionalItems schema (draft-7)",
    "file": "/home/azureuser/zodlil/vendor/zod/packages/zod/src/v4/classic/tests/from-json-schema.test.ts"
  },
  {
    "name": "enum schema",
    "file": "/home/azureuser/zodlil/vendor/zod/packages/zod/src/v4/classic/tests/from-json-schema.test.ts"
  },
  {
    "name": "const schema",
    "file": "/home/azureuser/zodlil/vendor/zod/packages/zod/src/v4/classic/tests/from-json-schema.test.ts"
  },
  {
    "name": "anyOf schema",
    "file": "/home/azureuser/zodlil/vendor/zod/packages/zod/src/v4/classic/tests/from-json-schema.test.ts"
  },
  {
    "name": "allOf schema",
    "file": "/home/azureuser/zodlil/vendor/zod/packages/zod/src/v4/classic/tests/from-json-schema.test.ts"
  },
  {
    "name": "allOf with empty array",
    "file": "/home/azureuser/zodlil/vendor/zod/packages/zod/src/v4/classic/tests/from-json-schema.test.ts"
  },
  {
    "name": "oneOf schema (exclusive union)",
    "file": "/home/azureuser/zodlil/vendor/zod/packages/zod/src/v4/classic/tests/from-json-schema.test.ts"
  },
  {
    "name": "type with anyOf creates intersection",
    "file": "/home/azureuser/zodlil/vendor/zod/packages/zod/src/v4/classic/tests/from-json-schema.test.ts"
  },
  {
    "name": "type with oneOf creates intersection",
    "file": "/home/azureuser/zodlil/vendor/zod/packages/zod/src/v4/classic/tests/from-json-schema.test.ts"
  },
  {
    "name": "unevaluatedItems throws error",
    "file": "/home/azureuser/zodlil/vendor/zod/packages/zod/src/v4/classic/tests/from-json-schema.test.ts"
  },
  {
    "name": "unevaluatedProperties throws error",
    "file": "/home/azureuser/zodlil/vendor/zod/packages/zod/src/v4/classic/tests/from-json-schema.test.ts"
  },
  {
    "name": "if/then/else throws error",
    "file": "/home/azureuser/zodlil/vendor/zod/packages/zod/src/v4/classic/tests/from-json-schema.test.ts"
  },
  {
    "name": "external $ref throws error",
    "file": "/home/azureuser/zodlil/vendor/zod/packages/zod/src/v4/classic/tests/from-json-schema.test.ts"
  },
  {
    "name": "local $ref resolution",
    "file": "/home/azureuser/zodlil/vendor/zod/packages/zod/src/v4/classic/tests/from-json-schema.test.ts"
  },
  {
    "name": "local $ref resolution unescapes JSON Pointer tokens",
    "file": "/home/azureuser/zodlil/vendor/zod/packages/zod/src/v4/classic/tests/from-json-schema.test.ts"
  },
  {
    "name": "circular $ref with lazy",
    "file": "/home/azureuser/zodlil/vendor/zod/packages/zod/src/v4/classic/tests/from-json-schema.test.ts"
  },
  {
    "name": "patternProperties",
    "file": "/home/azureuser/zodlil/vendor/zod/packages/zod/src/v4/classic/tests/from-json-schema.test.ts"
  },
  {
    "name": "propertyNames with enum does not require keys",
    "file": "/home/azureuser/zodlil/vendor/zod/packages/zod/src/v4/classic/tests/from-json-schema.test.ts"
  },
  {
    "name": "propertyNames with enum alongside properties",
    "file": "/home/azureuser/zodlil/vendor/zod/packages/zod/src/v4/classic/tests/from-json-schema.test.ts"
  },
  {
    "name": "propertyNames with enum still honors required",
    "file": "/home/azureuser/zodlil/vendor/zod/packages/zod/src/v4/classic/tests/from-json-schema.test.ts"
  },
  {
    "name": "propertyNames does not apply additionalProperties to declared properties",
    "file": "/home/azureuser/zodlil/vendor/zod/packages/zod/src/v4/classic/tests/from-json-schema.test.ts"
  },
  {
    "name": "propertyNames alongside additionalProperties: false",
    "file": "/home/azureuser/zodlil/vendor/zod/packages/zod/src/v4/classic/tests/from-json-schema.test.ts"
  },
  {
    "name": "propertyNames alongside patternProperties",
    "file": "/home/azureuser/zodlil/vendor/zod/packages/zod/src/v4/classic/tests/from-json-schema.test.ts"
  },
  {
    "name": "propertyNames rejects keys the object parse would drop or synthesize",
    "file": "/home/azureuser/zodlil/vendor/zod/packages/zod/src/v4/classic/tests/from-json-schema.test.ts"
  },
  {
    "name": "propertyNames subschema without a type still constrains keys",
    "file": "/home/azureuser/zodlil/vendor/zod/packages/zod/src/v4/classic/tests/from-json-schema.test.ts"
  },
  {
    "name": "boolean propertyNames",
    "file": "/home/azureuser/zodlil/vendor/zod/packages/zod/src/v4/classic/tests/from-json-schema.test.ts"
  },
  {
    "name": "propertyNames metadata is not attached where it is inert",
    "file": "/home/azureuser/zodlil/vendor/zod/packages/zod/src/v4/classic/tests/from-json-schema.test.ts"
  },
  {
    "name": "propertyNames survives a toJSONSchema round trip",
    "file": "/home/azureuser/zodlil/vendor/zod/packages/zod/src/v4/classic/tests/from-json-schema.test.ts"
  },
  {
    "name": "patternProperties with regular properties",
    "file": "/home/azureuser/zodlil/vendor/zod/packages/zod/src/v4/classic/tests/from-json-schema.test.ts"
  },
  {
    "name": "multiple patternProperties",
    "file": "/home/azureuser/zodlil/vendor/zod/packages/zod/src/v4/classic/tests/from-json-schema.test.ts"
  },
  {
    "name": "multiple overlapping patternProperties",
    "file": "/home/azureuser/zodlil/vendor/zod/packages/zod/src/v4/classic/tests/from-json-schema.test.ts"
  },
  {
    "name": "patternProperties with additionalProperties false",
    "file": "/home/azureuser/zodlil/vendor/zod/packages/zod/src/v4/classic/tests/from-json-schema.test.ts"
  },
  {
    "name": "patternProperties and properties with additionalProperties false",
    "file": "/home/azureuser/zodlil/vendor/zod/packages/zod/src/v4/classic/tests/from-json-schema.test.ts"
  },
  {
    "name": "multiple patternProperties with additionalProperties false",
    "file": "/home/azureuser/zodlil/vendor/zod/packages/zod/src/v4/classic/tests/from-json-schema.test.ts"
  },
  {
    "name": "default value",
    "file": "/home/azureuser/zodlil/vendor/zod/packages/zod/src/v4/classic/tests/from-json-schema.test.ts"
  },
  {
    "name": "description metadata",
    "file": "/home/azureuser/zodlil/vendor/zod/packages/zod/src/v4/classic/tests/from-json-schema.test.ts"
  },
  {
    "name": "version detection - draft-2020-12",
    "file": "/home/azureuser/zodlil/vendor/zod/packages/zod/src/v4/classic/tests/from-json-schema.test.ts"
  },
  {
    "name": "version detection - draft-7",
    "file": "/home/azureuser/zodlil/vendor/zod/packages/zod/src/v4/classic/tests/from-json-schema.test.ts"
  },
  {
    "name": "version detection - draft-4",
    "file": "/home/azureuser/zodlil/vendor/zod/packages/zod/src/v4/classic/tests/from-json-schema.test.ts"
  },
  {
    "name": "default version (draft-2020-12)",
    "file": "/home/azureuser/zodlil/vendor/zod/packages/zod/src/v4/classic/tests/from-json-schema.test.ts"
  },
  {
    "name": "string format - email",
    "file": "/home/azureuser/zodlil/vendor/zod/packages/zod/src/v4/classic/tests/from-json-schema.test.ts"
  },
  {
    "name": "string format - uuid",
    "file": "/home/azureuser/zodlil/vendor/zod/packages/zod/src/v4/classic/tests/from-json-schema.test.ts"
  },
  {
    "name": "string format - date-time",
    "file": "/home/azureuser/zodlil/vendor/zod/packages/zod/src/v4/classic/tests/from-json-schema.test.ts"
  },
  {
    "name": "string format - hostname",
    "file": "/home/azureuser/zodlil/vendor/zod/packages/zod/src/v4/classic/tests/from-json-schema.test.ts"
  },
  {
    "name": "exclusiveMinimum and exclusiveMaximum",
    "file": "/home/azureuser/zodlil/vendor/zod/packages/zod/src/v4/classic/tests/from-json-schema.test.ts"
  },
  {
    "name": "boolean schema (true/false)",
    "file": "/home/azureuser/zodlil/vendor/zod/packages/zod/src/v4/classic/tests/from-json-schema.test.ts"
  },
  {
    "name": "empty object schema",
    "file": "/home/azureuser/zodlil/vendor/zod/packages/zod/src/v4/classic/tests/from-json-schema.test.ts"
  },
  {
    "name": "array without items",
    "file": "/home/azureuser/zodlil/vendor/zod/packages/zod/src/v4/classic/tests/from-json-schema.test.ts"
  },
  {
    "name": "mixed enum types",
    "file": "/home/azureuser/zodlil/vendor/zod/packages/zod/src/v4/classic/tests/from-json-schema.test.ts"
  },
  {
    "name": "nullable in OpenAPI 3.0",
    "file": "/home/azureuser/zodlil/vendor/zod/packages/zod/src/v4/classic/tests/from-json-schema.test.ts"
  },
  {
    "name": "unrecognized keys stored in globalRegistry by default",
    "file": "/home/azureuser/zodlil/vendor/zod/packages/zod/src/v4/classic/tests/from-json-schema.test.ts"
  },
  {
    "name": "unrecognized keys stored in custom registry",
    "file": "/home/azureuser/zodlil/vendor/zod/packages/zod/src/v4/classic/tests/from-json-schema.test.ts"
  },
  {
    "name": "$id and id are captured as metadata",
    "file": "/home/azureuser/zodlil/vendor/zod/packages/zod/src/v4/classic/tests/from-json-schema.test.ts"
  },
  {
    "name": "x-* extension keys are captured as metadata",
    "file": "/home/azureuser/zodlil/vendor/zod/packages/zod/src/v4/classic/tests/from-json-schema.test.ts"
  },
  {
    "name": "metadata on nested schemas",
    "file": "/home/azureuser/zodlil/vendor/zod/packages/zod/src/v4/classic/tests/from-json-schema.test.ts"
  },
  {
    "name": "no metadata added when no unrecognized keys",
    "file": "/home/azureuser/zodlil/vendor/zod/packages/zod/src/v4/classic/tests/from-json-schema.test.ts"
  },
  {
    "name": "writeOnly and examples are captured as metadata",
    "file": "/home/azureuser/zodlil/vendor/zod/packages/zod/src/v4/classic/tests/from-json-schema.test.ts"
  },
  {
    "name": "$comment and $anchor are captured as metadata",
    "file": "/home/azureuser/zodlil/vendor/zod/packages/zod/src/v4/classic/tests/from-json-schema.test.ts"
  },
  {
    "name": "contentEncoding and contentMediaType are stored as metadata",
    "file": "/home/azureuser/zodlil/vendor/zod/packages/zod/src/v4/classic/tests/from-json-schema.test.ts"
  },
  {
    "name": "description on enum schema is applied",
    "file": "/home/azureuser/zodlil/vendor/zod/packages/zod/src/v4/classic/tests/from-json-schema.test.ts"
  },
  {
    "name": "description on const schema is applied",
    "file": "/home/azureuser/zodlil/vendor/zod/packages/zod/src/v4/classic/tests/from-json-schema.test.ts"
  },
  {
    "name": "description on not: {} (never) schema is applied",
    "file": "/home/azureuser/zodlil/vendor/zod/packages/zod/src/v4/classic/tests/from-json-schema.test.ts"
  },
  {
    "name": "default on enum schema is applied",
    "file": "/home/azureuser/zodlil/vendor/zod/packages/zod/src/v4/classic/tests/from-json-schema.test.ts"
  },
  {
    "name": "default on const schema is applied",
    "file": "/home/azureuser/zodlil/vendor/zod/packages/zod/src/v4/classic/tests/from-json-schema.test.ts"
  },
  {
    "name": "description and default on enum schema are both applied",
    "file": "/home/azureuser/zodlil/vendor/zod/packages/zod/src/v4/classic/tests/from-json-schema.test.ts"
  },
  {
    "name": "description on type-array schema is applied",
    "file": "/home/azureuser/zodlil/vendor/zod/packages/zod/src/v4/classic/tests/from-json-schema.test.ts"
  },
  {
    "name": "default on type-array schema is applied",
    "file": "/home/azureuser/zodlil/vendor/zod/packages/zod/src/v4/classic/tests/from-json-schema.test.ts"
  },
  {
    "name": "description on schema with anyOf is applied to the outer schema",
    "file": "/home/azureuser/zodlil/vendor/zod/packages/zod/src/v4/classic/tests/from-json-schema.test.ts"
  },
  {
    "name": "default on schema with anyOf is applied to the outer schema",
    "file": "/home/azureuser/zodlil/vendor/zod/packages/zod/src/v4/classic/tests/from-json-schema.test.ts"
  },
  {
    "name": "description and unrecognized metadata coexist on the same schema",
    "file": "/home/azureuser/zodlil/vendor/zod/packages/zod/src/v4/classic/tests/from-json-schema.test.ts"
  },
  {
    "name": "circular input throws a clear error",
    "file": "/home/azureuser/zodlil/vendor/zod/packages/zod/src/v4/classic/tests/from-json-schema.test.ts"
  },
  {
    "name": "getter-based input that synthesizes a cycle throws",
    "file": "/home/azureuser/zodlil/vendor/zod/packages/zod/src/v4/classic/tests/from-json-schema.test.ts"
  },
  {
    "name": "BigInt in input throws",
    "file": "/home/azureuser/zodlil/vendor/zod/packages/zod/src/v4/classic/tests/from-json-schema.test.ts"
  },
  {
    "name": "class-instance input is normalized to a plain object",
    "file": "/home/azureuser/zodlil/vendor/zod/packages/zod/src/v4/classic/tests/from-json-schema.test.ts"
  },
  {
    "name": "getter-based properties are materialized",
    "file": "/home/azureuser/zodlil/vendor/zod/packages/zod/src/v4/classic/tests/from-json-schema.test.ts"
  },
  {
    "name": "Date default is coerced to its JSON string form",
    "file": "/home/azureuser/zodlil/vendor/zod/packages/zod/src/v4/classic/tests/from-json-schema.test.ts"
  },
  {
    "name": "required __proto__ property is represented in the shape but stripped during parsing",
    "file": "/home/azureuser/zodlil/vendor/zod/packages/zod/src/v4/classic/tests/from-json-schema.test.ts"
  },
  {
    "name": "__proto__ annotation key reaches the registry",
    "file": "/home/azureuser/zodlil/vendor/zod/packages/zod/src/v4/classic/tests/from-json-schema.test.ts"
  },
  {
    "name": "function parsing",
    "file": "/home/azureuser/zodlil/vendor/zod/packages/zod/src/v4/classic/tests/function.test.ts"
  },
  {
    "name": "parsed function fail 1",
    "file": "/home/azureuser/zodlil/vendor/zod/packages/zod/src/v4/classic/tests/function.test.ts"
  },
  {
    "name": "parsed function fail 2",
    "file": "/home/azureuser/zodlil/vendor/zod/packages/zod/src/v4/classic/tests/function.test.ts"
  },
  {
    "name": "function inference 1",
    "file": "/home/azureuser/zodlil/vendor/zod/packages/zod/src/v4/classic/tests/function.test.ts"
  },
  {
    "name": "method parsing",
    "file": "/home/azureuser/zodlil/vendor/zod/packages/zod/src/v4/classic/tests/function.test.ts"
  },
  {
    "name": "async method parsing",
    "file": "/home/azureuser/zodlil/vendor/zod/packages/zod/src/v4/classic/tests/function.test.ts"
  },
  {
    "name": "args method",
    "file": "/home/azureuser/zodlil/vendor/zod/packages/zod/src/v4/classic/tests/function.test.ts"
  },
  {
    "name": "function inference 2",
    "file": "/home/azureuser/zodlil/vendor/zod/packages/zod/src/v4/classic/tests/function.test.ts"
  },
  {
    "name": "valid function run",
    "file": "/home/azureuser/zodlil/vendor/zod/packages/zod/src/v4/classic/tests/function.test.ts"
  },
  {
    "name": "function inference 3",
    "file": "/home/azureuser/zodlil/vendor/zod/packages/zod/src/v4/classic/tests/function.test.ts"
  },
  {
    "name": "valid function run",
    "file": "/home/azureuser/zodlil/vendor/zod/packages/zod/src/v4/classic/tests/function.test.ts"
  },
  {
    "name": "input validation error",
    "file": "/home/azureuser/zodlil/vendor/zod/packages/zod/src/v4/classic/tests/function.test.ts"
  },
  {
    "name": "array inputs",
    "file": "/home/azureuser/zodlil/vendor/zod/packages/zod/src/v4/classic/tests/function.test.ts"
  },
  {
    "name": "output validation error",
    "file": "/home/azureuser/zodlil/vendor/zod/packages/zod/src/v4/classic/tests/function.test.ts"
  },
  {
    "name": "function with async refinements",
    "file": "/home/azureuser/zodlil/vendor/zod/packages/zod/src/v4/classic/tests/function.test.ts"
  },
  {
    "name": "implement async with transforms",
    "file": "/home/azureuser/zodlil/vendor/zod/packages/zod/src/v4/classic/tests/function.test.ts"
  },
  {
    "name": "non async function with async refinements should fail",
    "file": "/home/azureuser/zodlil/vendor/zod/packages/zod/src/v4/classic/tests/function.test.ts"
  },
  {
    "name": "extra parameters with rest",
    "file": "/home/azureuser/zodlil/vendor/zod/packages/zod/src/v4/classic/tests/function.test.ts"
  },
  {
    "name": "globalConfig is singleton and attached to globalThis",
    "file": "/home/azureuser/zodlil/vendor/zod/packages/zod/src/v4/classic/tests/global-config.test.ts"
  },
  {
    "name": "z.config writes are observed via globalThis.__zod_globalConfig",
    "file": "/home/azureuser/zodlil/vendor/zod/packages/zod/src/v4/classic/tests/global-config.test.ts"
  },
  {
    "name": "pre-set globalThis.__zod_globalConfig is preserved on import",
    "file": "/home/azureuser/zodlil/vendor/zod/packages/zod/src/v4/classic/tests/global-config.test.ts"
  },
  {
    "name": "hash() API — types and runtime across all alg/enc combinations",
    "file": "/home/azureuser/zodlil/vendor/zod/packages/zod/src/v4/classic/tests/hash.test.ts"
  },
  {
    "name": "z.boolean",
    "file": "/home/azureuser/zodlil/vendor/zod/packages/zod/src/v4/classic/tests/index.test.ts"
  },
  {
    "name": "z.bigint",
    "file": "/home/azureuser/zodlil/vendor/zod/packages/zod/src/v4/classic/tests/index.test.ts"
  },
  {
    "name": "z.symbol",
    "file": "/home/azureuser/zodlil/vendor/zod/packages/zod/src/v4/classic/tests/index.test.ts"
  },
  {
    "name": "z.date",
    "file": "/home/azureuser/zodlil/vendor/zod/packages/zod/src/v4/classic/tests/index.test.ts"
  },
  {
    "name": "z.coerce.string",
    "file": "/home/azureuser/zodlil/vendor/zod/packages/zod/src/v4/classic/tests/index.test.ts"
  },
  {
    "name": "z.coerce.number",
    "file": "/home/azureuser/zodlil/vendor/zod/packages/zod/src/v4/classic/tests/index.test.ts"
  },
  {
    "name": "z.coerce.boolean",
    "file": "/home/azureuser/zodlil/vendor/zod/packages/zod/src/v4/classic/tests/index.test.ts"
  },
  {
    "name": "z.coerce.bigint",
    "file": "/home/azureuser/zodlil/vendor/zod/packages/zod/src/v4/classic/tests/index.test.ts"
  },
  {
    "name": "z.coerce.date",
    "file": "/home/azureuser/zodlil/vendor/zod/packages/zod/src/v4/classic/tests/index.test.ts"
  },
  {
    "name": "z.iso.datetime",
    "file": "/home/azureuser/zodlil/vendor/zod/packages/zod/src/v4/classic/tests/index.test.ts"
  },
  {
    "name": "z.iso.date",
    "file": "/home/azureuser/zodlil/vendor/zod/packages/zod/src/v4/classic/tests/index.test.ts"
  },
  {
    "name": "z.iso.time",
    "file": "/home/azureuser/zodlil/vendor/zod/packages/zod/src/v4/classic/tests/index.test.ts"
  },
  {
    "name": "z.iso.duration",
    "file": "/home/azureuser/zodlil/vendor/zod/packages/zod/src/v4/classic/tests/index.test.ts"
  },
  {
    "name": "z.undefined",
    "file": "/home/azureuser/zodlil/vendor/zod/packages/zod/src/v4/classic/tests/index.test.ts"
  },
  {
    "name": "z.null",
    "file": "/home/azureuser/zodlil/vendor/zod/packages/zod/src/v4/classic/tests/index.test.ts"
  },
  {
    "name": "z.any",
    "file": "/home/azureuser/zodlil/vendor/zod/packages/zod/src/v4/classic/tests/index.test.ts"
  },
  {
    "name": "z.unknown",
    "file": "/home/azureuser/zodlil/vendor/zod/packages/zod/src/v4/classic/tests/index.test.ts"
  },
  {
    "name": "z.never",
    "file": "/home/azureuser/zodlil/vendor/zod/packages/zod/src/v4/classic/tests/index.test.ts"
  },
  {
    "name": "z.void",
    "file": "/home/azureuser/zodlil/vendor/zod/packages/zod/src/v4/classic/tests/index.test.ts"
  },
  {
    "name": "z.array",
    "file": "/home/azureuser/zodlil/vendor/zod/packages/zod/src/v4/classic/tests/index.test.ts"
  },
  {
    "name": "z.union",
    "file": "/home/azureuser/zodlil/vendor/zod/packages/zod/src/v4/classic/tests/index.test.ts"
  },
  {
    "name": "z.intersection",
    "file": "/home/azureuser/zodlil/vendor/zod/packages/zod/src/v4/classic/tests/index.test.ts"
  },
  {
    "name": "z.tuple",
    "file": "/home/azureuser/zodlil/vendor/zod/packages/zod/src/v4/classic/tests/index.test.ts"
  },
  {
    "name": "z.record",
    "file": "/home/azureuser/zodlil/vendor/zod/packages/zod/src/v4/classic/tests/index.test.ts"
  },
  {
    "name": "z.map",
    "file": "/home/azureuser/zodlil/vendor/zod/packages/zod/src/v4/classic/tests/index.test.ts"
  },
  {
    "name": "z.map invalid_element",
    "file": "/home/azureuser/zodlil/vendor/zod/packages/zod/src/v4/classic/tests/index.test.ts"
  },
  {
    "name": "z.map async",
    "file": "/home/azureuser/zodlil/vendor/zod/packages/zod/src/v4/classic/tests/index.test.ts"
  },
  {
    "name": "z.set",
    "file": "/home/azureuser/zodlil/vendor/zod/packages/zod/src/v4/classic/tests/index.test.ts"
  },
  {
    "name": "z.enum",
    "file": "/home/azureuser/zodlil/vendor/zod/packages/zod/src/v4/classic/tests/index.test.ts"
  },
  {
    "name": "z.enum - native",
    "file": "/home/azureuser/zodlil/vendor/zod/packages/zod/src/v4/classic/tests/index.test.ts"
  },
  {
    "name": "z.nativeEnum",
    "file": "/home/azureuser/zodlil/vendor/zod/packages/zod/src/v4/classic/tests/index.test.ts"
  },
  {
    "name": "z.literal",
    "file": "/home/azureuser/zodlil/vendor/zod/packages/zod/src/v4/classic/tests/index.test.ts"
  },
  {
    "name": "z.file",
    "file": "/home/azureuser/zodlil/vendor/zod/packages/zod/src/v4/classic/tests/index.test.ts"
  },
  {
    "name": "z.transform",
    "file": "/home/azureuser/zodlil/vendor/zod/packages/zod/src/v4/classic/tests/index.test.ts"
  },
  {
    "name": "z.transform async",
    "file": "/home/azureuser/zodlil/vendor/zod/packages/zod/src/v4/classic/tests/index.test.ts"
  },
  {
    "name": "z.preprocess",
    "file": "/home/azureuser/zodlil/vendor/zod/packages/zod/src/v4/classic/tests/index.test.ts"
  },
  {
    "name": "z.optional",
    "file": "/home/azureuser/zodlil/vendor/zod/packages/zod/src/v4/classic/tests/index.test.ts"
  },
  {
    "name": "z.nullable",
    "file": "/home/azureuser/zodlil/vendor/zod/packages/zod/src/v4/classic/tests/index.test.ts"
  },
  {
    "name": "z.default",
    "file": "/home/azureuser/zodlil/vendor/zod/packages/zod/src/v4/classic/tests/index.test.ts"
  },
  {
    "name": "z.catch",
    "file": "/home/azureuser/zodlil/vendor/zod/packages/zod/src/v4/classic/tests/index.test.ts"
  },
  {
    "name": "z.nan",
    "file": "/home/azureuser/zodlil/vendor/zod/packages/zod/src/v4/classic/tests/index.test.ts"
  },
  {
    "name": "z.pipe",
    "file": "/home/azureuser/zodlil/vendor/zod/packages/zod/src/v4/classic/tests/index.test.ts"
  },
  {
    "name": "z.readonly",
    "file": "/home/azureuser/zodlil/vendor/zod/packages/zod/src/v4/classic/tests/index.test.ts"
  },
  {
    "name": "z.templateLiteral",
    "file": "/home/azureuser/zodlil/vendor/zod/packages/zod/src/v4/classic/tests/index.test.ts"
  },
  {
    "name": "z.custom schema",
    "file": "/home/azureuser/zodlil/vendor/zod/packages/zod/src/v4/classic/tests/index.test.ts"
  },
  {
    "name": "z.custom check",
    "file": "/home/azureuser/zodlil/vendor/zod/packages/zod/src/v4/classic/tests/index.test.ts"
  },
  {
    "name": "z.check",
    "file": "/home/azureuser/zodlil/vendor/zod/packages/zod/src/v4/classic/tests/index.test.ts"
  },
  {
    "name": "z.with (alias for z.check)",
    "file": "/home/azureuser/zodlil/vendor/zod/packages/zod/src/v4/classic/tests/index.test.ts"
  },
  {
    "name": "z.instanceof",
    "file": "/home/azureuser/zodlil/vendor/zod/packages/zod/src/v4/classic/tests/index.test.ts"
  },
  {
    "name": "z.refine",
    "file": "/home/azureuser/zodlil/vendor/zod/packages/zod/src/v4/classic/tests/index.test.ts"
  },
  {
    "name": "z.superRefine preserves explicit nullish issue input",
    "file": "/home/azureuser/zodlil/vendor/zod/packages/zod/src/v4/classic/tests/index.test.ts"
  },
  {
    "name": "z.transform",
    "file": "/home/azureuser/zodlil/vendor/zod/packages/zod/src/v4/classic/tests/index.test.ts"
  },
  {
    "name": "z.$brand()",
    "file": "/home/azureuser/zodlil/vendor/zod/packages/zod/src/v4/classic/tests/index.test.ts"
  },
  {
    "name": "z.lazy",
    "file": "/home/azureuser/zodlil/vendor/zod/packages/zod/src/v4/classic/tests/index.test.ts"
  },
  {
    "name": "z.json",
    "file": "/home/azureuser/zodlil/vendor/zod/packages/zod/src/v4/classic/tests/index.test.ts"
  },
  {
    "name": "z.promise",
    "file": "/home/azureuser/zodlil/vendor/zod/packages/zod/src/v4/classic/tests/index.test.ts"
  },
  {
    "name": "isPlainObject",
    "file": "/home/azureuser/zodlil/vendor/zod/packages/zod/src/v4/classic/tests/index.test.ts"
  },
  {
    "name": "shallowClone with constructor field",
    "file": "/home/azureuser/zodlil/vendor/zod/packages/zod/src/v4/classic/tests/index.test.ts"
  },
  {
    "name": "def typing",
    "file": "/home/azureuser/zodlil/vendor/zod/packages/zod/src/v4/classic/tests/index.test.ts"
  },
  {
    "name": "runtime type property exists and returns correct values",
    "file": "/home/azureuser/zodlil/vendor/zod/packages/zod/src/v4/classic/tests/index.test.ts"
  },
  {
    "name": "type narrowing works with type property",
    "file": "/home/azureuser/zodlil/vendor/zod/packages/zod/src/v4/classic/tests/index.test.ts"
  },
  {
    "name": "schema instances stay under V8's property-count step",
    "file": "/home/azureuser/zodlil/vendor/zod/packages/zod/src/v4/classic/tests/instance-footprint.test.ts"
  },
  {
    "name": "prototype-installed members survive detaching",
    "file": "/home/azureuser/zodlil/vendor/zod/packages/zod/src/v4/classic/tests/instance-footprint.test.ts"
  },
  {
    "name": "prototype-installed members can be overwritten per instance",
    "file": "/home/azureuser/zodlil/vendor/zod/packages/zod/src/v4/classic/tests/instance-footprint.test.ts"
  },
  {
    "name": "~standard is lazy but complete",
    "file": "/home/azureuser/zodlil/vendor/zod/packages/zod/src/v4/classic/tests/instance-footprint.test.ts"
  },
  {
    "name": "caching a lazy member preserves its original enumerability",
    "file": "/home/azureuser/zodlil/vendor/zod/packages/zod/src/v4/classic/tests/instance-footprint.test.ts"
  },
  {
    "name": "_def stays read-only",
    "file": "/home/azureuser/zodlil/vendor/zod/packages/zod/src/v4/classic/tests/instance-footprint.test.ts"
  },
  {
    "name": "deferred initializers are released after construction",
    "file": "/home/azureuser/zodlil/vendor/zod/packages/zod/src/v4/classic/tests/instance-footprint.test.ts"
  },
  {
    "name": "instanceof",
    "file": "/home/azureuser/zodlil/vendor/zod/packages/zod/src/v4/classic/tests/instanceof.test.ts"
  },
  {
    "name": "instanceof fatal",
    "file": "/home/azureuser/zodlil/vendor/zod/packages/zod/src/v4/classic/tests/instanceof.test.ts"
  },
  {
    "name": "instanceof respects customError",
    "file": "/home/azureuser/zodlil/vendor/zod/packages/zod/src/v4/classic/tests/instanceof.test.ts"
  },
  {
    "name": "z.properties",
    "file": "/home/azureuser/zodlil/vendor/zod/packages/zod/src/v4/classic/tests/instanceof.test.ts"
  },
  {
    "name": "object intersection",
    "file": "/home/azureuser/zodlil/vendor/zod/packages/zod/src/v4/classic/tests/intersection.test.ts"
  },
  {
    "name": "object intersection: loose",
    "file": "/home/azureuser/zodlil/vendor/zod/packages/zod/src/v4/classic/tests/intersection.test.ts"
  },
  {
    "name": "object intersection: strict + strip",
    "file": "/home/azureuser/zodlil/vendor/zod/packages/zod/src/v4/classic/tests/intersection.test.ts"
  },
  {
    "name": "object intersection: strict + strict",
    "file": "/home/azureuser/zodlil/vendor/zod/packages/zod/src/v4/classic/tests/intersection.test.ts"
  },
  {
    "name": "object intersection strips __proto__ from pass-through operands",
    "file": "/home/azureuser/zodlil/vendor/zod/packages/zod/src/v4/classic/tests/intersection.test.ts"
  },
  {
    "name": "deep intersection",
    "file": "/home/azureuser/zodlil/vendor/zod/packages/zod/src/v4/classic/tests/intersection.test.ts"
  },
  {
    "name": "deep intersection of arrays",
    "file": "/home/azureuser/zodlil/vendor/zod/packages/zod/src/v4/classic/tests/intersection.test.ts"
  },
  {
    "name": "invalid intersection types",
    "file": "/home/azureuser/zodlil/vendor/zod/packages/zod/src/v4/classic/tests/intersection.test.ts"
  },
  {
    "name": "invalid array merge (incompatible lengths)",
    "file": "/home/azureuser/zodlil/vendor/zod/packages/zod/src/v4/classic/tests/intersection.test.ts"
  },
  {
    "name": "invalid array merge (incompatible elements)",
    "file": "/home/azureuser/zodlil/vendor/zod/packages/zod/src/v4/classic/tests/intersection.test.ts"
  },
  {
    "name": "invalid object merge",
    "file": "/home/azureuser/zodlil/vendor/zod/packages/zod/src/v4/classic/tests/intersection.test.ts"
  },
  {
    "name": "invalid deep merge of object and array combination",
    "file": "/home/azureuser/zodlil/vendor/zod/packages/zod/src/v4/classic/tests/intersection.test.ts"
  },
  {
    "name": "a record's key schema governs only its own keys inside an intersection",
    "file": "/home/azureuser/zodlil/vendor/zod/packages/zod/src/v4/classic/tests/intersection.test.ts"
  },
  {
    "name": "partialRecord reports an out-of-set key as unrecognized, not invalid",
    "file": "/home/azureuser/zodlil/vendor/zod/packages/zod/src/v4/classic/tests/intersection.test.ts"
  },
  {
    "name": "intersection operands run their own checks, refinements and transforms",
    "file": "/home/azureuser/zodlil/vendor/zod/packages/zod/src/v4/classic/tests/intersection.test.ts"
  },
  {
    "name": "intersection operands apply defaults, including through a nested intersection",
    "file": "/home/azureuser/zodlil/vendor/zod/packages/zod/src/v4/classic/tests/intersection.test.ts"
  },
  {
    "name": "a record operand runs its own refinements inside an intersection",
    "file": "/home/azureuser/zodlil/vendor/zod/packages/zod/src/v4/classic/tests/intersection.test.ts"
  },
  {
    "name": "a strict object nested under an operand keeps its strictness",
    "file": "/home/azureuser/zodlil/vendor/zod/packages/zod/src/v4/classic/tests/intersection.test.ts"
  },
  {
    "name": "a strict object composes with a refined object",
    "file": "/home/azureuser/zodlil/vendor/zod/packages/zod/src/v4/classic/tests/intersection.test.ts"
  },
  {
    "name": "check-originated issues expose the owning schema",
    "file": "/home/azureuser/zodlil/vendor/zod/packages/zod/src/v4/classic/tests/issue-schema.test.ts"
  },
  {
    "name": "schema-originated issues expose the owning schema",
    "file": "/home/azureuser/zodlil/vendor/zod/packages/zod/src/v4/classic/tests/issue-schema.test.ts"
  },
  {
    "name": "refinements attribute to the refined schema, not the internal check schema",
    "file": "/home/azureuser/zodlil/vendor/zod/packages/zod/src/v4/classic/tests/issue-schema.test.ts"
  },
  {
    "name": "the innermost schema owns the issue",
    "file": "/home/azureuser/zodlil/vendor/zod/packages/zod/src/v4/classic/tests/issue-schema.test.ts"
  },
  {
    "name": "issues carrying no usable `inst` still get the owning schema",
    "file": "/home/azureuser/zodlil/vendor/zod/packages/zod/src/v4/classic/tests/issue-schema.test.ts"
  },
  {
    "name": "async checks expose the owning schema",
    "file": "/home/azureuser/zodlil/vendor/zod/packages/zod/src/v4/classic/tests/issue-schema.test.ts"
  },
  {
    "name": "the owning schema is the clone `.meta()` registered, not the pre-metadata schema",
    "file": "/home/azureuser/zodlil/vendor/zod/packages/zod/src/v4/classic/tests/issue-schema.test.ts"
  },
  {
    "name": "`inst` keeps its meaning and `schema` stays off the finalized issue",
    "file": "/home/azureuser/zodlil/vendor/zod/packages/zod/src/v4/classic/tests/issue-schema.test.ts"
  },
  {
    "name": "every error map kind receives the owning schema",
    "file": "/home/azureuser/zodlil/vendor/zod/packages/zod/src/v4/classic/tests/issue-schema.test.ts"
  },
  {
    "name": "globalConfig.jitless=true short-circuits the allowsEval probe",
    "file": "/home/azureuser/zodlil/vendor/zod/packages/zod/src/v4/classic/tests/jitless-allows-eval.test.ts"
  },
  {
    "name": "placeholder test",
    "file": "/home/azureuser/zodlil/vendor/zod/packages/zod/src/v4/classic/tests/json.test.ts"
  },
  {
    "name": "opt passthrough",
    "file": "/home/azureuser/zodlil/vendor/zod/packages/zod/src/v4/classic/tests/lazy.test.ts"
  },
  {
    "name": "schema getter",
    "file": "/home/azureuser/zodlil/vendor/zod/packages/zod/src/v4/classic/tests/lazy.test.ts"
  },
  {
    "name": "lazy proxy",
    "file": "/home/azureuser/zodlil/vendor/zod/packages/zod/src/v4/classic/tests/lazy.test.ts"
  },
  {
    "name": "recursion with z.lazy",
    "file": "/home/azureuser/zodlil/vendor/zod/packages/zod/src/v4/classic/tests/lazy.test.ts"
  },
  {
    "name": "recursive union wit z.lazy",
    "file": "/home/azureuser/zodlil/vendor/zod/packages/zod/src/v4/classic/tests/lazy.test.ts"
  },
  {
    "name": "mutual recursion with lazy",
    "file": "/home/azureuser/zodlil/vendor/zod/packages/zod/src/v4/classic/tests/lazy.test.ts"
  },
  {
    "name": "mutual recursion with cyclical data",
    "file": "/home/azureuser/zodlil/vendor/zod/packages/zod/src/v4/classic/tests/lazy.test.ts"
  },
  {
    "name": "complicated self-recursion",
    "file": "/home/azureuser/zodlil/vendor/zod/packages/zod/src/v4/classic/tests/lazy.test.ts"
  },
  {
    "name": "lazy initialization",
    "file": "/home/azureuser/zodlil/vendor/zod/packages/zod/src/v4/classic/tests/lazy.test.ts"
  },
  {
    "name": "derived internals resolve on self-referential lazy",
    "file": "/home/azureuser/zodlil/vendor/zod/packages/zod/src/v4/classic/tests/lazy.test.ts"
  },
  {
    "name": "a cycle-broken internal is not memoized",
    "file": "/home/azureuser/zodlil/vendor/zod/packages/zod/src/v4/classic/tests/lazy.test.ts"
  },
  {
    "name": "an internal computed without a cycle break is memoized",
    "file": "/home/azureuser/zodlil/vendor/zod/packages/zod/src/v4/classic/tests/lazy.test.ts"
  },
  {
    "name": "a throwing lazy internal throws on every read",
    "file": "/home/azureuser/zodlil/vendor/zod/packages/zod/src/v4/classic/tests/lazy.test.ts"
  },
  {
    "name": "passing validations",
    "file": "/home/azureuser/zodlil/vendor/zod/packages/zod/src/v4/classic/tests/literal.test.ts"
  },
  {
    "name": "failing validations",
    "file": "/home/azureuser/zodlil/vendor/zod/packages/zod/src/v4/classic/tests/literal.test.ts"
  },
  {
    "name": "invalid_literal should have `input` field with data",
    "file": "/home/azureuser/zodlil/vendor/zod/packages/zod/src/v4/classic/tests/literal.test.ts"
  },
  {
    "name": "invalid_literal should return default message",
    "file": "/home/azureuser/zodlil/vendor/zod/packages/zod/src/v4/classic/tests/literal.test.ts"
  },
  {
    "name": "invalid_literal should return custom message",
    "file": "/home/azureuser/zodlil/vendor/zod/packages/zod/src/v4/classic/tests/literal.test.ts"
  },
  {
    "name": "literal default error message",
    "file": "/home/azureuser/zodlil/vendor/zod/packages/zod/src/v4/classic/tests/literal.test.ts"
  },
  {
    "name": "literal bigint default error message",
    "file": "/home/azureuser/zodlil/vendor/zod/packages/zod/src/v4/classic/tests/literal.test.ts"
  },
  {
    "name": ".value getter",
    "file": "/home/azureuser/zodlil/vendor/zod/packages/zod/src/v4/classic/tests/literal.test.ts"
  },
  {
    "name": "readonly",
    "file": "/home/azureuser/zodlil/vendor/zod/packages/zod/src/v4/classic/tests/literal.test.ts"
  },
  {
    "name": "literal pattern",
    "file": "/home/azureuser/zodlil/vendor/zod/packages/zod/src/v4/classic/tests/literal.test.ts"
  },
  {
    "name": "Georgian locale uses 'ველი' instead of 'სტრინგი'",
    "file": "/home/azureuser/zodlil/vendor/zod/packages/zod/src/v4/classic/tests/locales_ka.test.ts"
  },
  {
    "name": "Romanian locale uses 'șir' instead of 'string'",
    "file": "/home/azureuser/zodlil/vendor/zod/packages/zod/src/v4/classic/tests/locales_ro.test.ts"
  },
  {
    "name": "type inference",
    "file": "/home/azureuser/zodlil/vendor/zod/packages/zod/src/v4/classic/tests/map.test.ts"
  },
  {
    "name": "valid parse",
    "file": "/home/azureuser/zodlil/vendor/zod/packages/zod/src/v4/classic/tests/map.test.ts"
  },
  {
    "name": "valid parse: size-related methods",
    "file": "/home/azureuser/zodlil/vendor/zod/packages/zod/src/v4/classic/tests/map.test.ts"
  },
  {
    "name": "failing when parsing empty map in nonempty ",
    "file": "/home/azureuser/zodlil/vendor/zod/packages/zod/src/v4/classic/tests/map.test.ts"
  },
  {
    "name": "failing when map is bigger than max() ",
    "file": "/home/azureuser/zodlil/vendor/zod/packages/zod/src/v4/classic/tests/map.test.ts"
  },
  {
    "name": "failing when map does not match size() ",
    "file": "/home/azureuser/zodlil/vendor/zod/packages/zod/src/v4/classic/tests/map.test.ts"
  },
  {
    "name": "valid parse async",
    "file": "/home/azureuser/zodlil/vendor/zod/packages/zod/src/v4/classic/tests/map.test.ts"
  },
  {
    "name": "throws when a Set is given",
    "file": "/home/azureuser/zodlil/vendor/zod/packages/zod/src/v4/classic/tests/map.test.ts"
  },
  {
    "name": "throws when the given map has invalid key and invalid input",
    "file": "/home/azureuser/zodlil/vendor/zod/packages/zod/src/v4/classic/tests/map.test.ts"
  },
  {
    "name": "throws when the given map has multiple invalid entries",
    "file": "/home/azureuser/zodlil/vendor/zod/packages/zod/src/v4/classic/tests/map.test.ts"
  },
  {
    "name": "dirty",
    "file": "/home/azureuser/zodlil/vendor/zod/packages/zod/src/v4/classic/tests/map.test.ts"
  },
  {
    "name": "map with object keys",
    "file": "/home/azureuser/zodlil/vendor/zod/packages/zod/src/v4/classic/tests/map.test.ts"
  },
  {
    "name": "min/max",
    "file": "/home/azureuser/zodlil/vendor/zod/packages/zod/src/v4/classic/tests/map.test.ts"
  },
  {
    "name": "passing validations",
    "file": "/home/azureuser/zodlil/vendor/zod/packages/zod/src/v4/classic/tests/nan.test.ts"
  },
  {
    "name": "failing validations",
    "file": "/home/azureuser/zodlil/vendor/zod/packages/zod/src/v4/classic/tests/nan.test.ts"
  },
  {
    "name": "nested refinements",
    "file": "/home/azureuser/zodlil/vendor/zod/packages/zod/src/v4/classic/tests/nested-refine.test.ts"
  },
  {
    "name": "nonoptional",
    "file": "/home/azureuser/zodlil/vendor/zod/packages/zod/src/v4/classic/tests/nonoptional.test.ts"
  },
  {
    "name": "nonoptional with default",
    "file": "/home/azureuser/zodlil/vendor/zod/packages/zod/src/v4/classic/tests/nonoptional.test.ts"
  },
  {
    "name": "nonoptional in object",
    "file": "/home/azureuser/zodlil/vendor/zod/packages/zod/src/v4/classic/tests/nonoptional.test.ts"
  },
  {
    "name": "encoding",
    "file": "/home/azureuser/zodlil/vendor/zod/packages/zod/src/v4/classic/tests/nonoptional.test.ts"
  },
  {
    "name": ".nullable()",
    "file": "/home/azureuser/zodlil/vendor/zod/packages/zod/src/v4/classic/tests/nullable.test.ts"
  },
  {
    "name": ".nullable unwrap",
    "file": "/home/azureuser/zodlil/vendor/zod/packages/zod/src/v4/classic/tests/nullable.test.ts"
  },
  {
    "name": "z.null",
    "file": "/home/azureuser/zodlil/vendor/zod/packages/zod/src/v4/classic/tests/nullable.test.ts"
  },
  {
    "name": "z.number() basic validation",
    "file": "/home/azureuser/zodlil/vendor/zod/packages/zod/src/v4/classic/tests/number.test.ts"
  },
  {
    "name": "NaN validation",
    "file": "/home/azureuser/zodlil/vendor/zod/packages/zod/src/v4/classic/tests/number.test.ts"
  },
  {
    "name": "Infinity validation",
    "file": "/home/azureuser/zodlil/vendor/zod/packages/zod/src/v4/classic/tests/number.test.ts"
  },
  {
    "name": ".gt() validation",
    "file": "/home/azureuser/zodlil/vendor/zod/packages/zod/src/v4/classic/tests/number.test.ts"
  },
  {
    "name": ".gte() validation",
    "file": "/home/azureuser/zodlil/vendor/zod/packages/zod/src/v4/classic/tests/number.test.ts"
  },
  {
    "name": ".min() validation",
    "file": "/home/azureuser/zodlil/vendor/zod/packages/zod/src/v4/classic/tests/number.test.ts"
  },
  {
    "name": ".lt() validation",
    "file": "/home/azureuser/zodlil/vendor/zod/packages/zod/src/v4/classic/tests/number.test.ts"
  },
  {
    "name": ".lte() validation",
    "file": "/home/azureuser/zodlil/vendor/zod/packages/zod/src/v4/classic/tests/number.test.ts"
  },
  {
    "name": ".max() validation",
    "file": "/home/azureuser/zodlil/vendor/zod/packages/zod/src/v4/classic/tests/number.test.ts"
  },
  {
    "name": ".int() validation",
    "file": "/home/azureuser/zodlil/vendor/zod/packages/zod/src/v4/classic/tests/number.test.ts"
  },
  {
    "name": ".positive() validation",
    "file": "/home/azureuser/zodlil/vendor/zod/packages/zod/src/v4/classic/tests/number.test.ts"
  },
  {
    "name": ".negative() validation",
    "file": "/home/azureuser/zodlil/vendor/zod/packages/zod/src/v4/classic/tests/number.test.ts"
  },
  {
    "name": ".nonpositive() validation",
    "file": "/home/azureuser/zodlil/vendor/zod/packages/zod/src/v4/classic/tests/number.test.ts"
  },
  {
    "name": ".nonnegative() validation",
    "file": "/home/azureuser/zodlil/vendor/zod/packages/zod/src/v4/classic/tests/number.test.ts"
  },
  {
    "name": "multipleOf",
    "file": "/home/azureuser/zodlil/vendor/zod/packages/zod/src/v4/classic/tests/number.test.ts"
  },
  {
    "name": ".multipleOf() with positive divisor",
    "file": "/home/azureuser/zodlil/vendor/zod/packages/zod/src/v4/classic/tests/number.test.ts"
  },
  {
    "name": ".multipleOf() with negative divisor",
    "file": "/home/azureuser/zodlil/vendor/zod/packages/zod/src/v4/classic/tests/number.test.ts"
  },
  {
    "name": ".multipleOf() with scientific notation (multi-digit exponents)",
    "file": "/home/azureuser/zodlil/vendor/zod/packages/zod/src/v4/classic/tests/number.test.ts"
  },
  {
    "name": ".multipleOf() with small floats / scientific notation (#5792)",
    "file": "/home/azureuser/zodlil/vendor/zod/packages/zod/src/v4/classic/tests/number.test.ts"
  },
  {
    "name": ".step() validation",
    "file": "/home/azureuser/zodlil/vendor/zod/packages/zod/src/v4/classic/tests/number.test.ts"
  },
  {
    "name": ".finite() validation",
    "file": "/home/azureuser/zodlil/vendor/zod/packages/zod/src/v4/classic/tests/number.test.ts"
  },
  {
    "name": ".safe() validation",
    "file": "/home/azureuser/zodlil/vendor/zod/packages/zod/src/v4/classic/tests/number.test.ts"
  },
  {
    "name": "min value getters",
    "file": "/home/azureuser/zodlil/vendor/zod/packages/zod/src/v4/classic/tests/number.test.ts"
  },
  {
    "name": "max value getters",
    "file": "/home/azureuser/zodlil/vendor/zod/packages/zod/src/v4/classic/tests/number.test.ts"
  },
  {
    "name": "int getter",
    "file": "/home/azureuser/zodlil/vendor/zod/packages/zod/src/v4/classic/tests/number.test.ts"
  },
  {
    "name": "finite getter",
    "file": "/home/azureuser/zodlil/vendor/zod/packages/zod/src/v4/classic/tests/number.test.ts"
  },
  {
    "name": "string format methods",
    "file": "/home/azureuser/zodlil/vendor/zod/packages/zod/src/v4/classic/tests/number.test.ts"
  },
  {
    "name": "negative zero edge case",
    "file": "/home/azureuser/zodlil/vendor/zod/packages/zod/src/v4/classic/tests/number.test.ts"
  },
  {
    "name": "error customization",
    "file": "/home/azureuser/zodlil/vendor/zod/packages/zod/src/v4/classic/tests/number.test.ts"
  },
  {
    "name": "object type inference",
    "file": "/home/azureuser/zodlil/vendor/zod/packages/zod/src/v4/classic/tests/object.test.ts"
  },
  {
    "name": "unknown throw",
    "file": "/home/azureuser/zodlil/vendor/zod/packages/zod/src/v4/classic/tests/object.test.ts"
  },
  {
    "name": "shape() should return schema of particular key",
    "file": "/home/azureuser/zodlil/vendor/zod/packages/zod/src/v4/classic/tests/object.test.ts"
  },
  {
    "name": "correct parsing",
    "file": "/home/azureuser/zodlil/vendor/zod/packages/zod/src/v4/classic/tests/object.test.ts"
  },
  {
    "name": "nonstrict by default",
    "file": "/home/azureuser/zodlil/vendor/zod/packages/zod/src/v4/classic/tests/object.test.ts"
  },
  {
    "name": "parse optional keys ",
    "file": "/home/azureuser/zodlil/vendor/zod/packages/zod/src/v4/classic/tests/object.test.ts"
  },
  {
    "name": "empty object",
    "file": "/home/azureuser/zodlil/vendor/zod/packages/zod/src/v4/classic/tests/object.test.ts"
  },
  {
    "name": "strip by default",
    "file": "/home/azureuser/zodlil/vendor/zod/packages/zod/src/v4/classic/tests/object.test.ts"
  },
  {
    "name": "unknownkeys override",
    "file": "/home/azureuser/zodlil/vendor/zod/packages/zod/src/v4/classic/tests/object.test.ts"
  },
  {
    "name": "passthrough unknown",
    "file": "/home/azureuser/zodlil/vendor/zod/packages/zod/src/v4/classic/tests/object.test.ts"
  },
  {
    "name": "strip unknown",
    "file": "/home/azureuser/zodlil/vendor/zod/packages/zod/src/v4/classic/tests/object.test.ts"
  },
  {
    "name": "strict",
    "file": "/home/azureuser/zodlil/vendor/zod/packages/zod/src/v4/classic/tests/object.test.ts"
  },
  {
    "name": "catchall inference",
    "file": "/home/azureuser/zodlil/vendor/zod/packages/zod/src/v4/classic/tests/object.test.ts"
  },
  {
    "name": "catchall overrides strict",
    "file": "/home/azureuser/zodlil/vendor/zod/packages/zod/src/v4/classic/tests/object.test.ts"
  },
  {
    "name": "catchall overrides strict",
    "file": "/home/azureuser/zodlil/vendor/zod/packages/zod/src/v4/classic/tests/object.test.ts"
  },
  {
    "name": "optional keys are unset",
    "file": "/home/azureuser/zodlil/vendor/zod/packages/zod/src/v4/classic/tests/object.test.ts"
  },
  {
    "name": "catchall parsing",
    "file": "/home/azureuser/zodlil/vendor/zod/packages/zod/src/v4/classic/tests/object.test.ts"
  },
  {
    "name": "nonexistent keys",
    "file": "/home/azureuser/zodlil/vendor/zod/packages/zod/src/v4/classic/tests/object.test.ts"
  },
  {
    "name": "test async union",
    "file": "/home/azureuser/zodlil/vendor/zod/packages/zod/src/v4/classic/tests/object.test.ts"
  },
  {
    "name": "test inferred merged type",
    "file": "/home/azureuser/zodlil/vendor/zod/packages/zod/src/v4/classic/tests/object.test.ts"
  },
  {
    "name": "inferred type with Record shape",
    "file": "/home/azureuser/zodlil/vendor/zod/packages/zod/src/v4/classic/tests/object.test.ts"
  },
  {
    "name": "inferred merged object type with optional properties",
    "file": "/home/azureuser/zodlil/vendor/zod/packages/zod/src/v4/classic/tests/object.test.ts"
  },
  {
    "name": "inferred unioned object type with optional properties",
    "file": "/home/azureuser/zodlil/vendor/zod/packages/zod/src/v4/classic/tests/object.test.ts"
  },
  {
    "name": "inferred enum type",
    "file": "/home/azureuser/zodlil/vendor/zod/packages/zod/src/v4/classic/tests/object.test.ts"
  },
  {
    "name": "z.keyof returns enum",
    "file": "/home/azureuser/zodlil/vendor/zod/packages/zod/src/v4/classic/tests/object.test.ts"
  },
  {
    "name": "inferred partial object type with optional properties",
    "file": "/home/azureuser/zodlil/vendor/zod/packages/zod/src/v4/classic/tests/object.test.ts"
  },
  {
    "name": "inferred picked object type with optional properties",
    "file": "/home/azureuser/zodlil/vendor/zod/packages/zod/src/v4/classic/tests/object.test.ts"
  },
  {
    "name": "inferred type for unknown/any keys",
    "file": "/home/azureuser/zodlil/vendor/zod/packages/zod/src/v4/classic/tests/object.test.ts"
  },
  {
    "name": "strictObject",
    "file": "/home/azureuser/zodlil/vendor/zod/packages/zod/src/v4/classic/tests/object.test.ts"
  },
  {
    "name": "object with refine",
    "file": "/home/azureuser/zodlil/vendor/zod/packages/zod/src/v4/classic/tests/object.test.ts"
  },
  {
    "name": "intersection of object with date",
    "file": "/home/azureuser/zodlil/vendor/zod/packages/zod/src/v4/classic/tests/object.test.ts"
  },
  {
    "name": "intersection of object with refine with date",
    "file": "/home/azureuser/zodlil/vendor/zod/packages/zod/src/v4/classic/tests/object.test.ts"
  },
  {
    "name": "constructor key",
    "file": "/home/azureuser/zodlil/vendor/zod/packages/zod/src/v4/classic/tests/object.test.ts"
  },
  {
    "name": "constructor key",
    "file": "/home/azureuser/zodlil/vendor/zod/packages/zod/src/v4/classic/tests/object.test.ts"
  },
  {
    "name": "catchall",
    "file": "/home/azureuser/zodlil/vendor/zod/packages/zod/src/v4/classic/tests/object.test.ts"
  },
  {
    "name": "unknownkeys merging",
    "file": "/home/azureuser/zodlil/vendor/zod/packages/zod/src/v4/classic/tests/object.test.ts"
  },
  {
    "name": "merge() throws when receiver has refinements",
    "file": "/home/azureuser/zodlil/vendor/zod/packages/zod/src/v4/classic/tests/object.test.ts"
  },
  {
    "name": "merge() throws when receiver has superRefine",
    "file": "/home/azureuser/zodlil/vendor/zod/packages/zod/src/v4/classic/tests/object.test.ts"
  },
  {
    "name": "merge() preserves refinements on the second schema",
    "file": "/home/azureuser/zodlil/vendor/zod/packages/zod/src/v4/classic/tests/object.test.ts"
  },
  {
    "name": "extend() should return schema with new key",
    "file": "/home/azureuser/zodlil/vendor/zod/packages/zod/src/v4/classic/tests/object.test.ts"
  },
  {
    "name": "extend() should have power to override existing key",
    "file": "/home/azureuser/zodlil/vendor/zod/packages/zod/src/v4/classic/tests/object.test.ts"
  },
  {
    "name": "safeExtend() should have power to override existing key",
    "file": "/home/azureuser/zodlil/vendor/zod/packages/zod/src/v4/classic/tests/object.test.ts"
  },
  {
    "name": "safeExtend() maintains refinements",
    "file": "/home/azureuser/zodlil/vendor/zod/packages/zod/src/v4/classic/tests/object.test.ts"
  },
  {
    "name": "passthrough index signature",
    "file": "/home/azureuser/zodlil/vendor/zod/packages/zod/src/v4/classic/tests/object.test.ts"
  },
  {
    "name": "assignability",
    "file": "/home/azureuser/zodlil/vendor/zod/packages/zod/src/v4/classic/tests/object.test.ts"
  },
  {
    "name": "null prototype",
    "file": "/home/azureuser/zodlil/vendor/zod/packages/zod/src/v4/classic/tests/object.test.ts"
  },
  {
    "name": "empty objects",
    "file": "/home/azureuser/zodlil/vendor/zod/packages/zod/src/v4/classic/tests/object.test.ts"
  },
  {
    "name": "preserve key order",
    "file": "/home/azureuser/zodlil/vendor/zod/packages/zod/src/v4/classic/tests/object.test.ts"
  },
  {
    "name": "empty shape",
    "file": "/home/azureuser/zodlil/vendor/zod/packages/zod/src/v4/classic/tests/object.test.ts"
  },
  {
    "name": "zodtype assignability",
    "file": "/home/azureuser/zodlil/vendor/zod/packages/zod/src/v4/classic/tests/object.test.ts"
  },
  {
    "name": "index signature in shape",
    "file": "/home/azureuser/zodlil/vendor/zod/packages/zod/src/v4/classic/tests/object.test.ts"
  },
  {
    "name": "extend() on object with refinements should throw when overwriting properties",
    "file": "/home/azureuser/zodlil/vendor/zod/packages/zod/src/v4/classic/tests/object.test.ts"
  },
  {
    "name": "extend() on object with refinements should not throw when adding new properties",
    "file": "/home/azureuser/zodlil/vendor/zod/packages/zod/src/v4/classic/tests/object.test.ts"
  },
  {
    "name": "safeExtend() on object with refinements should not throw",
    "file": "/home/azureuser/zodlil/vendor/zod/packages/zod/src/v4/classic/tests/object.test.ts"
  },
  {
    "name": "__proto__ in object catchall paths > looseObject drops __proto__ and preserves Object.prototype",
    "file": "/home/azureuser/zodlil/vendor/zod/packages/zod/src/v4/classic/tests/object.test.ts"
  },
  {
    "name": "__proto__ in object catchall paths > passthrough drops __proto__",
    "file": "/home/azureuser/zodlil/vendor/zod/packages/zod/src/v4/classic/tests/object.test.ts"
  },
  {
    "name": "__proto__ in object catchall paths > catchall(unknown) drops __proto__",
    "file": "/home/azureuser/zodlil/vendor/zod/packages/zod/src/v4/classic/tests/object.test.ts"
  },
  {
    "name": "__proto__ in object catchall paths > safeParseAsync + jitless drops __proto__",
    "file": "/home/azureuser/zodlil/vendor/zod/packages/zod/src/v4/classic/tests/object.test.ts"
  },
  {
    "name": "__proto__ in object catchall paths > strict surfaces __proto__ as unrecognized without copying it",
    "file": "/home/azureuser/zodlil/vendor/zod/packages/zod/src/v4/classic/tests/object.test.ts"
  },
  {
    "name": "__proto__ in object catchall paths > strict accepts but strips a __proto__ key the shape declares",
    "file": "/home/azureuser/zodlil/vendor/zod/packages/zod/src/v4/classic/tests/object.test.ts"
  },
  {
    "name": "__proto__ in object catchall paths > strictObject and jitless agree with .strict()",
    "file": "/home/azureuser/zodlil/vendor/zod/packages/zod/src/v4/classic/tests/object.test.ts"
  },
  {
    "name": "__proto__ as a declared shape key > jit fastpass",
    "file": "/home/azureuser/zodlil/vendor/zod/packages/zod/src/v4/classic/tests/object.test.ts"
  },
  {
    "name": "__proto__ as a declared shape key > jitless",
    "file": "/home/azureuser/zodlil/vendor/zod/packages/zod/src/v4/classic/tests/object.test.ts"
  },
  {
    "name": "__proto__ as a declared shape key > async",
    "file": "/home/azureuser/zodlil/vendor/zod/packages/zod/src/v4/classic/tests/object.test.ts"
  },
  {
    "name": "__proto__ as a declared shape key > primitive value is stripped",
    "file": "/home/azureuser/zodlil/vendor/zod/packages/zod/src/v4/classic/tests/object.test.ts"
  },
  {
    "name": "__proto__ as a declared shape key > declared key is not validated",
    "file": "/home/azureuser/zodlil/vendor/zod/packages/zod/src/v4/classic/tests/object.test.ts"
  },
  {
    "name": "__proto__ as a declared shape key > required, optional, and defaulted declarations are all stripped",
    "file": "/home/azureuser/zodlil/vendor/zod/packages/zod/src/v4/classic/tests/object.test.ts"
  },
  {
    "name": "__proto__ as a declared shape key > an own getter is not evaluated",
    "file": "/home/azureuser/zodlil/vendor/zod/packages/zod/src/v4/classic/tests/object.test.ts"
  },
  {
    "name": "__proto__ as a declared shape key > pick keeps a declared key",
    "file": "/home/azureuser/zodlil/vendor/zod/packages/zod/src/v4/classic/tests/object.test.ts"
  },
  {
    "name": "__proto__ as a declared shape key > omit rejects an undeclared key",
    "file": "/home/azureuser/zodlil/vendor/zod/packages/zod/src/v4/classic/tests/object.test.ts"
  },
  {
    "name": "__proto__ as a declared shape key > partial rejects an undeclared key",
    "file": "/home/azureuser/zodlil/vendor/zod/packages/zod/src/v4/classic/tests/object.test.ts"
  },
  {
    "name": "__proto__ as a declared shape key > required rejects an undeclared key",
    "file": "/home/azureuser/zodlil/vendor/zod/packages/zod/src/v4/classic/tests/object.test.ts"
  },
  {
    "name": "__proto__ as a declared shape key > shape helpers preserve a declared key",
    "file": "/home/azureuser/zodlil/vendor/zod/packages/zod/src/v4/classic/tests/object.test.ts"
  },
  {
    "name": "__proto__ as a declared shape key > Object.prototype is untouched",
    "file": "/home/azureuser/zodlil/vendor/zod/packages/zod/src/v4/classic/tests/object.test.ts"
  },
  {
    "name": "object parsing still reads ordinary inherited properties",
    "file": "/home/azureuser/zodlil/vendor/zod/packages/zod/src/v4/classic/tests/object.test.ts"
  },
  {
    "name": ".optional()",
    "file": "/home/azureuser/zodlil/vendor/zod/packages/zod/src/v4/classic/tests/optional.test.ts"
  },
  {
    "name": "unwrap",
    "file": "/home/azureuser/zodlil/vendor/zod/packages/zod/src/v4/classic/tests/optional.test.ts"
  },
  {
    "name": "optionality",
    "file": "/home/azureuser/zodlil/vendor/zod/packages/zod/src/v4/classic/tests/optional.test.ts"
  },
  {
    "name": "pipe optionality",
    "file": "/home/azureuser/zodlil/vendor/zod/packages/zod/src/v4/classic/tests/optional.test.ts"
  },
  {
    "name": "pipe optionality inside objects",
    "file": "/home/azureuser/zodlil/vendor/zod/packages/zod/src/v4/classic/tests/optional.test.ts"
  },
  {
    "name": "optional prop with pipe",
    "file": "/home/azureuser/zodlil/vendor/zod/packages/zod/src/v4/classic/tests/optional.test.ts"
  },
  {
    "name": "object absent keys require optin optional",
    "file": "/home/azureuser/zodlil/vendor/zod/packages/zod/src/v4/classic/tests/optional.test.ts"
  },
  {
    "name": ".exactOptional()",
    "file": "/home/azureuser/zodlil/vendor/zod/packages/zod/src/v4/classic/tests/optional.test.ts"
  },
  {
    "name": "exactOptional unwrap",
    "file": "/home/azureuser/zodlil/vendor/zod/packages/zod/src/v4/classic/tests/optional.test.ts"
  },
  {
    "name": "exactOptional optionality",
    "file": "/home/azureuser/zodlil/vendor/zod/packages/zod/src/v4/classic/tests/optional.test.ts"
  },
  {
    "name": "exactOptional in objects - absent keys",
    "file": "/home/azureuser/zodlil/vendor/zod/packages/zod/src/v4/classic/tests/optional.test.ts"
  },
  {
    "name": "exactOptional in objects - explicit undefined rejected",
    "file": "/home/azureuser/zodlil/vendor/zod/packages/zod/src/v4/classic/tests/optional.test.ts"
  },
  {
    "name": "exactOptional type inference in objects",
    "file": "/home/azureuser/zodlil/vendor/zod/packages/zod/src/v4/classic/tests/optional.test.ts"
  },
  {
    "name": "exactOptional vs optional comparison",
    "file": "/home/azureuser/zodlil/vendor/zod/packages/zod/src/v4/classic/tests/optional.test.ts"
  },
  {
    "name": "object key optionality through optout propagation",
    "file": "/home/azureuser/zodlil/vendor/zod/packages/zod/src/v4/classic/tests/optional.test.ts"
  },
  {
    "name": "tuple tail optionality through optout propagation",
    "file": "/home/azureuser/zodlil/vendor/zod/packages/zod/src/v4/classic/tests/optional.test.ts"
  },
  {
    "name": "swallowed issue on an absent optional key drops its value",
    "file": "/home/azureuser/zodlil/vendor/zod/packages/zod/src/v4/classic/tests/optional.test.ts"
  },
  {
    "name": "shallow inference",
    "file": "/home/azureuser/zodlil/vendor/zod/packages/zod/src/v4/classic/tests/partial.test.ts"
  },
  {
    "name": "shallow partial parse",
    "file": "/home/azureuser/zodlil/vendor/zod/packages/zod/src/v4/classic/tests/partial.test.ts"
  },
  {
    "name": "required",
    "file": "/home/azureuser/zodlil/vendor/zod/packages/zod/src/v4/classic/tests/partial.test.ts"
  },
  {
    "name": "required inference",
    "file": "/home/azureuser/zodlil/vendor/zod/packages/zod/src/v4/classic/tests/partial.test.ts"
  },
  {
    "name": "required with mask",
    "file": "/home/azureuser/zodlil/vendor/zod/packages/zod/src/v4/classic/tests/partial.test.ts"
  },
  {
    "name": "required with mask -- ignore falsy values",
    "file": "/home/azureuser/zodlil/vendor/zod/packages/zod/src/v4/classic/tests/partial.test.ts"
  },
  {
    "name": "partial with mask",
    "file": "/home/azureuser/zodlil/vendor/zod/packages/zod/src/v4/classic/tests/partial.test.ts"
  },
  {
    "name": "partial with mask -- ignore falsy values",
    "file": "/home/azureuser/zodlil/vendor/zod/packages/zod/src/v4/classic/tests/partial.test.ts"
  },
  {
    "name": "catch/prefault/default",
    "file": "/home/azureuser/zodlil/vendor/zod/packages/zod/src/v4/classic/tests/partial.test.ts"
  },
  {
    "name": "handleOptionalObjectResult branches",
    "file": "/home/azureuser/zodlil/vendor/zod/packages/zod/src/v4/classic/tests/partial.test.ts"
  },
  {
    "name": "fastpass vs non-fastpass consistency",
    "file": "/home/azureuser/zodlil/vendor/zod/packages/zod/src/v4/classic/tests/partial.test.ts"
  },
  {
    "name": "optional with check",
    "file": "/home/azureuser/zodlil/vendor/zod/packages/zod/src/v4/classic/tests/partial.test.ts"
  },
  {
    "name": "partial - throws error on schema with refinements",
    "file": "/home/azureuser/zodlil/vendor/zod/packages/zod/src/v4/classic/tests/partial.test.ts"
  },
  {
    "name": "partial - throws error on schema with refine",
    "file": "/home/azureuser/zodlil/vendor/zod/packages/zod/src/v4/classic/tests/partial.test.ts"
  },
  {
    "name": "required - preserves refinements",
    "file": "/home/azureuser/zodlil/vendor/zod/packages/zod/src/v4/classic/tests/partial.test.ts"
  },
  {
    "name": "required - refinement is executed on required schema",
    "file": "/home/azureuser/zodlil/vendor/zod/packages/zod/src/v4/classic/tests/partial.test.ts"
  },
  {
    "name": "exactPartial - shallow inference",
    "file": "/home/azureuser/zodlil/vendor/zod/packages/zod/src/v4/classic/tests/partial.test.ts"
  },
  {
    "name": "exactPartial - wraps fields in ZodExactOptional",
    "file": "/home/azureuser/zodlil/vendor/zod/packages/zod/src/v4/classic/tests/partial.test.ts"
  },
  {
    "name": "exactPartial - absent keys pass, explicit undefined rejected",
    "file": "/home/azureuser/zodlil/vendor/zod/packages/zod/src/v4/classic/tests/partial.test.ts"
  },
  {
    "name": "exactPartial with mask",
    "file": "/home/azureuser/zodlil/vendor/zod/packages/zod/src/v4/classic/tests/partial.test.ts"
  },
  {
    "name": "exactPartial - throws on schema with refinements",
    "file": "/home/azureuser/zodlil/vendor/zod/packages/zod/src/v4/classic/tests/partial.test.ts"
  },
  {
    "name": "pick type inference",
    "file": "/home/azureuser/zodlil/vendor/zod/packages/zod/src/v4/classic/tests/pickomit.test.ts"
  },
  {
    "name": "pick parse - success",
    "file": "/home/azureuser/zodlil/vendor/zod/packages/zod/src/v4/classic/tests/pickomit.test.ts"
  },
  {
    "name": "pick parse - fail",
    "file": "/home/azureuser/zodlil/vendor/zod/packages/zod/src/v4/classic/tests/pickomit.test.ts"
  },
  {
    "name": "pick - remove optional",
    "file": "/home/azureuser/zodlil/vendor/zod/packages/zod/src/v4/classic/tests/pickomit.test.ts"
  },
  {
    "name": "omit type inference",
    "file": "/home/azureuser/zodlil/vendor/zod/packages/zod/src/v4/classic/tests/pickomit.test.ts"
  },
  {
    "name": "omit parse - success",
    "file": "/home/azureuser/zodlil/vendor/zod/packages/zod/src/v4/classic/tests/pickomit.test.ts"
  },
  {
    "name": "omit parse - fail",
    "file": "/home/azureuser/zodlil/vendor/zod/packages/zod/src/v4/classic/tests/pickomit.test.ts"
  },
  {
    "name": "omit - remove optional",
    "file": "/home/azureuser/zodlil/vendor/zod/packages/zod/src/v4/classic/tests/pickomit.test.ts"
  },
  {
    "name": "nonstrict inference",
    "file": "/home/azureuser/zodlil/vendor/zod/packages/zod/src/v4/classic/tests/pickomit.test.ts"
  },
  {
    "name": "nonstrict parsing - pass",
    "file": "/home/azureuser/zodlil/vendor/zod/packages/zod/src/v4/classic/tests/pickomit.test.ts"
  },
  {
    "name": "nonstrict parsing - fail",
    "file": "/home/azureuser/zodlil/vendor/zod/packages/zod/src/v4/classic/tests/pickomit.test.ts"
  },
  {
    "name": "pick/omit/required/partial - do not allow unknown keys",
    "file": "/home/azureuser/zodlil/vendor/zod/packages/zod/src/v4/classic/tests/pickomit.test.ts"
  },
  {
    "name": "pick - throws error on schema with refinements",
    "file": "/home/azureuser/zodlil/vendor/zod/packages/zod/src/v4/classic/tests/pickomit.test.ts"
  },
  {
    "name": "omit - throws error on schema with refinements",
    "file": "/home/azureuser/zodlil/vendor/zod/packages/zod/src/v4/classic/tests/pickomit.test.ts"
  },
  {
    "name": "pick - throws error on schema with refine",
    "file": "/home/azureuser/zodlil/vendor/zod/packages/zod/src/v4/classic/tests/pickomit.test.ts"
  },
  {
    "name": "omit - throws error on schema with refine",
    "file": "/home/azureuser/zodlil/vendor/zod/packages/zod/src/v4/classic/tests/pickomit.test.ts"
  },
  {
    "name": "string to number pipe",
    "file": "/home/azureuser/zodlil/vendor/zod/packages/zod/src/v4/classic/tests/pipe.test.ts"
  },
  {
    "name": "string to number pipe async",
    "file": "/home/azureuser/zodlil/vendor/zod/packages/zod/src/v4/classic/tests/pipe.test.ts"
  },
  {
    "name": "string with default fallback",
    "file": "/home/azureuser/zodlil/vendor/zod/packages/zod/src/v4/classic/tests/pipe.test.ts"
  },
  {
    "name": "continue on non-fatal errors",
    "file": "/home/azureuser/zodlil/vendor/zod/packages/zod/src/v4/classic/tests/pipe.test.ts"
  },
  {
    "name": "break on fatal errors",
    "file": "/home/azureuser/zodlil/vendor/zod/packages/zod/src/v4/classic/tests/pipe.test.ts"
  },
  {
    "name": "reverse parsing with pipe",
    "file": "/home/azureuser/zodlil/vendor/zod/packages/zod/src/v4/classic/tests/pipe.test.ts"
  },
  {
    "name": "reverse parsing with pipe",
    "file": "/home/azureuser/zodlil/vendor/zod/packages/zod/src/v4/classic/tests/pipe.test.ts"
  },
  {
    "name": "basic prefault",
    "file": "/home/azureuser/zodlil/vendor/zod/packages/zod/src/v4/classic/tests/prefault.test.ts"
  },
  {
    "name": "prefault inside object",
    "file": "/home/azureuser/zodlil/vendor/zod/packages/zod/src/v4/classic/tests/prefault.test.ts"
  },
  {
    "name": "object schema with prefault should return shallow clone",
    "file": "/home/azureuser/zodlil/vendor/zod/packages/zod/src/v4/classic/tests/prefault.test.ts"
  },
  {
    "name": "direction-aware prefault",
    "file": "/home/azureuser/zodlil/vendor/zod/packages/zod/src/v4/classic/tests/prefault.test.ts"
  },
  {
    "name": "preprocess",
    "file": "/home/azureuser/zodlil/vendor/zod/packages/zod/src/v4/classic/tests/preprocess.test.ts"
  },
  {
    "name": "async preprocess",
    "file": "/home/azureuser/zodlil/vendor/zod/packages/zod/src/v4/classic/tests/preprocess.test.ts"
  },
  {
    "name": "ctx.addIssue accepts string",
    "file": "/home/azureuser/zodlil/vendor/zod/packages/zod/src/v4/classic/tests/preprocess.test.ts"
  },
  {
    "name": "preprocess ctx.addIssue with parse",
    "file": "/home/azureuser/zodlil/vendor/zod/packages/zod/src/v4/classic/tests/preprocess.test.ts"
  },
  {
    "name": "preprocess ctx.addIssue fatal by default",
    "file": "/home/azureuser/zodlil/vendor/zod/packages/zod/src/v4/classic/tests/preprocess.test.ts"
  },
  {
    "name": "preprocess ctx.addIssue fatal true",
    "file": "/home/azureuser/zodlil/vendor/zod/packages/zod/src/v4/classic/tests/preprocess.test.ts"
  },
  {
    "name": "async preprocess ctx.addIssue with parseAsync",
    "file": "/home/azureuser/zodlil/vendor/zod/packages/zod/src/v4/classic/tests/preprocess.test.ts"
  },
  {
    "name": "z.NEVER in preprocess",
    "file": "/home/azureuser/zodlil/vendor/zod/packages/zod/src/v4/classic/tests/preprocess.test.ts"
  },
  {
    "name": "preprocess as the second property of object",
    "file": "/home/azureuser/zodlil/vendor/zod/packages/zod/src/v4/classic/tests/preprocess.test.ts"
  },
  {
    "name": "preprocess validates with sibling errors",
    "file": "/home/azureuser/zodlil/vendor/zod/packages/zod/src/v4/classic/tests/preprocess.test.ts"
  },
  {
    "name": "perform transform with non-fatal issues",
    "file": "/home/azureuser/zodlil/vendor/zod/packages/zod/src/v4/classic/tests/preprocess.test.ts"
  },
  {
    "name": "preprocess accepts absent object keys (4.3 parity)",
    "file": "/home/azureuser/zodlil/vendor/zod/packages/zod/src/v4/classic/tests/preprocess.test.ts"
  },
  {
    "name": "optional propagates through preprocess inside object",
    "file": "/home/azureuser/zodlil/vendor/zod/packages/zod/src/v4/classic/tests/preprocess.test.ts"
  },
  {
    "name": "preprocess is a structural subtype of ZodPipe",
    "file": "/home/azureuser/zodlil/vendor/zod/packages/zod/src/v4/classic/tests/preprocess.test.ts"
  },
  {
    "name": "preprocess does not propagate values/propValues from inner schema",
    "file": "/home/azureuser/zodlil/vendor/zod/packages/zod/src/v4/classic/tests/preprocess.test.ts"
  },
  {
    "name": "preprocess as discriminator throws at construction (no propValues to inherit)",
    "file": "/home/azureuser/zodlil/vendor/zod/packages/zod/src/v4/classic/tests/preprocess.test.ts"
  },
  {
    "name": "preprocess as record key does not restrict accepted keys",
    "file": "/home/azureuser/zodlil/vendor/zod/packages/zod/src/v4/classic/tests/preprocess.test.ts"
  },
  {
    "name": "literal string schema",
    "file": "/home/azureuser/zodlil/vendor/zod/packages/zod/src/v4/classic/tests/primitive.test.ts"
  },
  {
    "name": "literal number schema",
    "file": "/home/azureuser/zodlil/vendor/zod/packages/zod/src/v4/classic/tests/primitive.test.ts"
  },
  {
    "name": "literal boolean schema",
    "file": "/home/azureuser/zodlil/vendor/zod/packages/zod/src/v4/classic/tests/primitive.test.ts"
  },
  {
    "name": "literal bigint schema",
    "file": "/home/azureuser/zodlil/vendor/zod/packages/zod/src/v4/classic/tests/primitive.test.ts"
  },
  {
    "name": "string schema",
    "file": "/home/azureuser/zodlil/vendor/zod/packages/zod/src/v4/classic/tests/primitive.test.ts"
  },
  {
    "name": "number schema",
    "file": "/home/azureuser/zodlil/vendor/zod/packages/zod/src/v4/classic/tests/primitive.test.ts"
  },
  {
    "name": "bigint schema",
    "file": "/home/azureuser/zodlil/vendor/zod/packages/zod/src/v4/classic/tests/primitive.test.ts"
  },
  {
    "name": "boolean schema",
    "file": "/home/azureuser/zodlil/vendor/zod/packages/zod/src/v4/classic/tests/primitive.test.ts"
  },
  {
    "name": "date schema",
    "file": "/home/azureuser/zodlil/vendor/zod/packages/zod/src/v4/classic/tests/primitive.test.ts"
  },
  {
    "name": "symbol schema",
    "file": "/home/azureuser/zodlil/vendor/zod/packages/zod/src/v4/classic/tests/primitive.test.ts"
  },
  {
    "name": "undefined schema",
    "file": "/home/azureuser/zodlil/vendor/zod/packages/zod/src/v4/classic/tests/primitive.test.ts"
  },
  {
    "name": "null schema",
    "file": "/home/azureuser/zodlil/vendor/zod/packages/zod/src/v4/classic/tests/primitive.test.ts"
  },
  {
    "name": "primitive inference",
    "file": "/home/azureuser/zodlil/vendor/zod/packages/zod/src/v4/classic/tests/primitive.test.ts"
  },
  {
    "name": "get literal values",
    "file": "/home/azureuser/zodlil/vendor/zod/packages/zod/src/v4/classic/tests/primitive.test.ts"
  },
  {
    "name": "promise inference",
    "file": "/home/azureuser/zodlil/vendor/zod/packages/zod/src/v4/classic/tests/promise.test.ts"
  },
  {
    "name": "promise parsing success",
    "file": "/home/azureuser/zodlil/vendor/zod/packages/zod/src/v4/classic/tests/promise.test.ts"
  },
  {
    "name": "promise parsing fail",
    "file": "/home/azureuser/zodlil/vendor/zod/packages/zod/src/v4/classic/tests/promise.test.ts"
  },
  {
    "name": "promise parsing fail 2",
    "file": "/home/azureuser/zodlil/vendor/zod/packages/zod/src/v4/classic/tests/promise.test.ts"
  },
  {
    "name": "promise parsing fail",
    "file": "/home/azureuser/zodlil/vendor/zod/packages/zod/src/v4/classic/tests/promise.test.ts"
  },
  {
    "name": "sync promise parsing",
    "file": "/home/azureuser/zodlil/vendor/zod/packages/zod/src/v4/classic/tests/promise.test.ts"
  },
  {
    "name": "async function pass",
    "file": "/home/azureuser/zodlil/vendor/zod/packages/zod/src/v4/classic/tests/promise.test.ts"
  },
  {
    "name": "async function fail",
    "file": "/home/azureuser/zodlil/vendor/zod/packages/zod/src/v4/classic/tests/promise.test.ts"
  },
  {
    "name": "async promise parsing",
    "file": "/home/azureuser/zodlil/vendor/zod/packages/zod/src/v4/classic/tests/promise.test.ts"
  },
  {
    "name": "resolves",
    "file": "/home/azureuser/zodlil/vendor/zod/packages/zod/src/v4/classic/tests/promise.test.ts"
  },
  {
    "name": "prototype extension",
    "file": "/home/azureuser/zodlil/vendor/zod/packages/zod/src/v4/classic/tests/prototypes.test.ts"
  },
  {
    "name": "flat inference",
    "file": "/home/azureuser/zodlil/vendor/zod/packages/zod/src/v4/classic/tests/readonly.test.ts"
  },
  {
    "name": "object freezing",
    "file": "/home/azureuser/zodlil/vendor/zod/packages/zod/src/v4/classic/tests/readonly.test.ts"
  },
  {
    "name": "async object freezing",
    "file": "/home/azureuser/zodlil/vendor/zod/packages/zod/src/v4/classic/tests/readonly.test.ts"
  },
  {
    "name": "readonly inference",
    "file": "/home/azureuser/zodlil/vendor/zod/packages/zod/src/v4/classic/tests/readonly.test.ts"
  },
  {
    "name": "readonly parse",
    "file": "/home/azureuser/zodlil/vendor/zod/packages/zod/src/v4/classic/tests/readonly.test.ts"
  },
  {
    "name": "readonly parse with tuples",
    "file": "/home/azureuser/zodlil/vendor/zod/packages/zod/src/v4/classic/tests/readonly.test.ts"
  },
  {
    "name": "readonly and the get method",
    "file": "/home/azureuser/zodlil/vendor/zod/packages/zod/src/v4/classic/tests/readonly.test.ts"
  },
  {
    "name": "type inference",
    "file": "/home/azureuser/zodlil/vendor/zod/packages/zod/src/v4/classic/tests/record.test.ts"
  },
  {
    "name": "enum exhaustiveness",
    "file": "/home/azureuser/zodlil/vendor/zod/packages/zod/src/v4/classic/tests/record.test.ts"
  },
  {
    "name": "typescript enum exhaustiveness",
    "file": "/home/azureuser/zodlil/vendor/zod/packages/zod/src/v4/classic/tests/record.test.ts"
  },
  {
    "name": "literal exhaustiveness",
    "file": "/home/azureuser/zodlil/vendor/zod/packages/zod/src/v4/classic/tests/record.test.ts"
  },
  {
    "name": "pipe exhaustiveness",
    "file": "/home/azureuser/zodlil/vendor/zod/packages/zod/src/v4/classic/tests/record.test.ts"
  },
  {
    "name": "union exhaustiveness",
    "file": "/home/azureuser/zodlil/vendor/zod/packages/zod/src/v4/classic/tests/record.test.ts"
  },
  {
    "name": "applies transforms on the key schema (#5296)",
    "file": "/home/azureuser/zodlil/vendor/zod/packages/zod/src/v4/classic/tests/record.test.ts"
  },
  {
    "name": "surfaces key schema refinement failures as invalid_key",
    "file": "/home/azureuser/zodlil/vendor/zod/packages/zod/src/v4/classic/tests/record.test.ts"
  },
  {
    "name": "string record parse - pass",
    "file": "/home/azureuser/zodlil/vendor/zod/packages/zod/src/v4/classic/tests/record.test.ts"
  },
  {
    "name": "key and value getters",
    "file": "/home/azureuser/zodlil/vendor/zod/packages/zod/src/v4/classic/tests/record.test.ts"
  },
  {
    "name": "is not vulnerable to prototype pollution",
    "file": "/home/azureuser/zodlil/vendor/zod/packages/zod/src/v4/classic/tests/record.test.ts"
  },
  {
    "name": "key schema cannot normalize an input key into __proto__",
    "file": "/home/azureuser/zodlil/vendor/zod/packages/zod/src/v4/classic/tests/record.test.ts"
  },
  {
    "name": "dont remove undefined values",
    "file": "/home/azureuser/zodlil/vendor/zod/packages/zod/src/v4/classic/tests/record.test.ts"
  },
  {
    "name": "allow undefined values",
    "file": "/home/azureuser/zodlil/vendor/zod/packages/zod/src/v4/classic/tests/record.test.ts"
  },
  {
    "name": "async parsing",
    "file": "/home/azureuser/zodlil/vendor/zod/packages/zod/src/v4/classic/tests/record.test.ts"
  },
  {
    "name": "async parsing",
    "file": "/home/azureuser/zodlil/vendor/zod/packages/zod/src/v4/classic/tests/record.test.ts"
  },
  {
    "name": "partial record",
    "file": "/home/azureuser/zodlil/vendor/zod/packages/zod/src/v4/classic/tests/record.test.ts"
  },
  {
    "name": "partialRecord with z.literal([key, ...])",
    "file": "/home/azureuser/zodlil/vendor/zod/packages/zod/src/v4/classic/tests/record.test.ts"
  },
  {
    "name": "partialRecord with numeric literal keys",
    "file": "/home/azureuser/zodlil/vendor/zod/packages/zod/src/v4/classic/tests/record.test.ts"
  },
  {
    "name": "partialRecord with union of string and numeric literal keys",
    "file": "/home/azureuser/zodlil/vendor/zod/packages/zod/src/v4/classic/tests/record.test.ts"
  },
  {
    "name": "looseRecord passes through non-matching keys",
    "file": "/home/azureuser/zodlil/vendor/zod/packages/zod/src/v4/classic/tests/record.test.ts"
  },
  {
    "name": "looseRecord with closed key schema passes through unrecognized keys",
    "file": "/home/azureuser/zodlil/vendor/zod/packages/zod/src/v4/classic/tests/record.test.ts"
  },
  {
    "name": "record with closed key schema still rejects unrecognized keys",
    "file": "/home/azureuser/zodlil/vendor/zod/packages/zod/src/v4/classic/tests/record.test.ts"
  },
  {
    "name": "looseRecord with closed key schema drops __proto__",
    "file": "/home/azureuser/zodlil/vendor/zod/packages/zod/src/v4/classic/tests/record.test.ts"
  },
  {
    "name": "intersection of loose records",
    "file": "/home/azureuser/zodlil/vendor/zod/packages/zod/src/v4/classic/tests/record.test.ts"
  },
  {
    "name": "object with looseRecord index signature",
    "file": "/home/azureuser/zodlil/vendor/zod/packages/zod/src/v4/classic/tests/record.test.ts"
  },
  {
    "name": "numeric string keys",
    "file": "/home/azureuser/zodlil/vendor/zod/packages/zod/src/v4/classic/tests/record.test.ts"
  },
  {
    "name": "v3-compat single-arg form: z.record(valueType)",
    "file": "/home/azureuser/zodlil/vendor/zod/packages/zod/src/v4/classic/tests/record.test.ts"
  },
  {
    "name": "__proto__ in a finite key set is stripped",
    "file": "/home/azureuser/zodlil/vendor/zod/packages/zod/src/v4/classic/tests/record.test.ts"
  },
  {
    "name": "a raw __proto__ input key stays skipped in loose mode",
    "file": "/home/azureuser/zodlil/vendor/zod/packages/zod/src/v4/classic/tests/record.test.ts"
  },
  {
    "name": "partialRecord strips a declared __proto__ key",
    "file": "/home/azureuser/zodlil/vendor/zod/packages/zod/src/v4/classic/tests/record.test.ts"
  },
  {
    "name": "partialRecord strips a declared __proto__ key in loose mode",
    "file": "/home/azureuser/zodlil/vendor/zod/packages/zod/src/v4/classic/tests/record.test.ts"
  },
  {
    "name": "partial is internal to partialRecord",
    "file": "/home/azureuser/zodlil/vendor/zod/packages/zod/src/v4/classic/tests/record.test.ts"
  },
  {
    "name": "partialRecord strips a declared __proto__ key before transforms",
    "file": "/home/azureuser/zodlil/vendor/zod/packages/zod/src/v4/classic/tests/record.test.ts"
  },
  {
    "name": "a finite __proto__ key is ignored whether present or missing",
    "file": "/home/azureuser/zodlil/vendor/zod/packages/zod/src/v4/classic/tests/record.test.ts"
  },
  {
    "name": "no built-in pattern is ReDoS-vulnerable",
    "file": "/home/azureuser/zodlil/vendor/zod/packages/zod/src/v4/classic/tests/redos.test.ts"
  },
  {
    "name": "emoji rejects a backtracking payload in linear time",
    "file": "/home/azureuser/zodlil/vendor/zod/packages/zod/src/v4/classic/tests/redos.test.ts"
  },
  {
    "name": "basic refinement functionality > should create a new schema instance when refining",
    "file": "/home/azureuser/zodlil/vendor/zod/packages/zod/src/v4/classic/tests/refine.test.ts"
  },
  {
    "name": "basic refinement functionality > should validate according to refinement logic",
    "file": "/home/azureuser/zodlil/vendor/zod/packages/zod/src/v4/classic/tests/refine.test.ts"
  },
  {
    "name": "basic refinement functionality > should validate strict mode correctly",
    "file": "/home/azureuser/zodlil/vendor/zod/packages/zod/src/v4/classic/tests/refine.test.ts"
  },
  {
    "name": "refinement with custom error messages > should use custom error message when validation fails",
    "file": "/home/azureuser/zodlil/vendor/zod/packages/zod/src/v4/classic/tests/refine.test.ts"
  },
  {
    "name": "async refinements > should support async refinement functions",
    "file": "/home/azureuser/zodlil/vendor/zod/packages/zod/src/v4/classic/tests/refine.test.ts"
  },
  {
    "name": "early termination options > should abort early with continue: false",
    "file": "/home/azureuser/zodlil/vendor/zod/packages/zod/src/v4/classic/tests/refine.test.ts"
  },
  {
    "name": "early termination options > should abort early with fatal: true",
    "file": "/home/azureuser/zodlil/vendor/zod/packages/zod/src/v4/classic/tests/refine.test.ts"
  },
  {
    "name": "early termination options > should abort early with abort flag",
    "file": "/home/azureuser/zodlil/vendor/zod/packages/zod/src/v4/classic/tests/refine.test.ts"
  },
  {
    "name": "custom error paths > should use custom path in error message",
    "file": "/home/azureuser/zodlil/vendor/zod/packages/zod/src/v4/classic/tests/refine.test.ts"
  },
  {
    "name": "superRefine functionality > should support multiple validation rules",
    "file": "/home/azureuser/zodlil/vendor/zod/packages/zod/src/v4/classic/tests/refine.test.ts"
  },
  {
    "name": "superRefine functionality > should support async superRefine",
    "file": "/home/azureuser/zodlil/vendor/zod/packages/zod/src/v4/classic/tests/refine.test.ts"
  },
  {
    "name": "superRefine functionality > should test continuability of custom issues",
    "file": "/home/azureuser/zodlil/vendor/zod/packages/zod/src/v4/classic/tests/refine.test.ts"
  },
  {
    "name": "superRefine functionality > should accept string as shorthand for custom error message",
    "file": "/home/azureuser/zodlil/vendor/zod/packages/zod/src/v4/classic/tests/refine.test.ts"
  },
  {
    "name": "superRefine functionality > should preserve explicit nullish issue input",
    "file": "/home/azureuser/zodlil/vendor/zod/packages/zod/src/v4/classic/tests/refine.test.ts"
  },
  {
    "name": "superRefine functionality > should keep issue input aligned with the issue path",
    "file": "/home/azureuser/zodlil/vendor/zod/packages/zod/src/v4/classic/tests/refine.test.ts"
  },
  {
    "name": "superRefine functionality > should surface an explicit undefined input to the error map",
    "file": "/home/azureuser/zodlil/vendor/zod/packages/zod/src/v4/classic/tests/refine.test.ts"
  },
  {
    "name": "superRefine functionality > should respect fatal flag in superRefine",
    "file": "/home/azureuser/zodlil/vendor/zod/packages/zod/src/v4/classic/tests/refine.test.ts"
  },
  {
    "name": "chained refinements > should collect all validation errors when appropriate",
    "file": "/home/azureuser/zodlil/vendor/zod/packages/zod/src/v4/classic/tests/refine.test.ts"
  },
  {
    "name": "chained refinements > should run superRefine validation even when base schema validation fails when 'when' is defined and returns true",
    "file": "/home/azureuser/zodlil/vendor/zod/packages/zod/src/v4/classic/tests/refine.test.ts"
  },
  {
    "name": "chained refinements > should not run superRefine validation when 'when' is defined and returns false",
    "file": "/home/azureuser/zodlil/vendor/zod/packages/zod/src/v4/classic/tests/refine.test.ts"
  },
  {
    "name": "type refinement with type guards > type guard narrows output type",
    "file": "/home/azureuser/zodlil/vendor/zod/packages/zod/src/v4/classic/tests/refine.test.ts"
  },
  {
    "name": "type refinement with type guards > non-type-guard refine does not narrow",
    "file": "/home/azureuser/zodlil/vendor/zod/packages/zod/src/v4/classic/tests/refine.test.ts"
  },
  {
    "name": "when",
    "file": "/home/azureuser/zodlil/vendor/zod/packages/zod/src/v4/classic/tests/refine.test.ts"
  },
  {
    "name": "globalRegistry",
    "file": "/home/azureuser/zodlil/vendor/zod/packages/zod/src/v4/classic/tests/registries.test.ts"
  },
  {
    "name": "globalRegistry is singleton and attached to globalThis",
    "file": "/home/azureuser/zodlil/vendor/zod/packages/zod/src/v4/classic/tests/registries.test.ts"
  },
  {
    "name": "z.registry",
    "file": "/home/azureuser/zodlil/vendor/zod/packages/zod/src/v4/classic/tests/registries.test.ts"
  },
  {
    "name": "z.registry no metadata",
    "file": "/home/azureuser/zodlil/vendor/zod/packages/zod/src/v4/classic/tests/registries.test.ts"
  },
  {
    "name": "z.registry with schema constraints",
    "file": "/home/azureuser/zodlil/vendor/zod/packages/zod/src/v4/classic/tests/registries.test.ts"
  },
  {
    "name": "output type in registry meta",
    "file": "/home/azureuser/zodlil/vendor/zod/packages/zod/src/v4/classic/tests/registries.test.ts"
  },
  {
    "name": "output type in registry meta - objects and arrays",
    "file": "/home/azureuser/zodlil/vendor/zod/packages/zod/src/v4/classic/tests/registries.test.ts"
  },
  {
    "name": "input type in registry meta",
    "file": "/home/azureuser/zodlil/vendor/zod/packages/zod/src/v4/classic/tests/registries.test.ts"
  },
  {
    "name": "input type in registry meta - objects and arrays",
    "file": "/home/azureuser/zodlil/vendor/zod/packages/zod/src/v4/classic/tests/registries.test.ts"
  },
  {
    "name": ".meta method",
    "file": "/home/azureuser/zodlil/vendor/zod/packages/zod/src/v4/classic/tests/registries.test.ts"
  },
  {
    "name": ".meta metadata does not bubble up",
    "file": "/home/azureuser/zodlil/vendor/zod/packages/zod/src/v4/classic/tests/registries.test.ts"
  },
  {
    "name": ".describe",
    "file": "/home/azureuser/zodlil/vendor/zod/packages/zod/src/v4/classic/tests/registries.test.ts"
  },
  {
    "name": "inherit across clone",
    "file": "/home/azureuser/zodlil/vendor/zod/packages/zod/src/v4/classic/tests/registries.test.ts"
  },
  {
    "name": "loose examples",
    "file": "/home/azureuser/zodlil/vendor/zod/packages/zod/src/v4/classic/tests/registries.test.ts"
  },
  {
    "name": "function meta without replacement",
    "file": "/home/azureuser/zodlil/vendor/zod/packages/zod/src/v4/classic/tests/registries.test.ts"
  },
  {
    "name": "function meta with replacement",
    "file": "/home/azureuser/zodlil/vendor/zod/packages/zod/src/v4/classic/tests/registries.test.ts"
  },
  {
    "name": "test .clear()",
    "file": "/home/azureuser/zodlil/vendor/zod/packages/zod/src/v4/classic/tests/registries.test.ts"
  },
  {
    "name": "re-registering same id silently overwrites",
    "file": "/home/azureuser/zodlil/vendor/zod/packages/zod/src/v4/classic/tests/registries.test.ts"
  },
  {
    "name": "toJSONSchema throws on duplicate id across different schemas",
    "file": "/home/azureuser/zodlil/vendor/zod/packages/zod/src/v4/classic/tests/registries.test.ts"
  },
  {
    "name": "toJSONSchema allows same schema with same id",
    "file": "/home/azureuser/zodlil/vendor/zod/packages/zod/src/v4/classic/tests/registries.test.ts"
  },
  {
    "name": "type inference",
    "file": "/home/azureuser/zodlil/vendor/zod/packages/zod/src/v4/classic/tests/set.test.ts"
  },
  {
    "name": "valid parse",
    "file": "/home/azureuser/zodlil/vendor/zod/packages/zod/src/v4/classic/tests/set.test.ts"
  },
  {
    "name": "valid parse async",
    "file": "/home/azureuser/zodlil/vendor/zod/packages/zod/src/v4/classic/tests/set.test.ts"
  },
  {
    "name": "valid parse: size-related methods",
    "file": "/home/azureuser/zodlil/vendor/zod/packages/zod/src/v4/classic/tests/set.test.ts"
  },
  {
    "name": "failing when parsing empty set in nonempty ",
    "file": "/home/azureuser/zodlil/vendor/zod/packages/zod/src/v4/classic/tests/set.test.ts"
  },
  {
    "name": "failing when set is smaller than min() ",
    "file": "/home/azureuser/zodlil/vendor/zod/packages/zod/src/v4/classic/tests/set.test.ts"
  },
  {
    "name": "failing when set is bigger than max() ",
    "file": "/home/azureuser/zodlil/vendor/zod/packages/zod/src/v4/classic/tests/set.test.ts"
  },
  {
    "name": "failing when set does not match size() ",
    "file": "/home/azureuser/zodlil/vendor/zod/packages/zod/src/v4/classic/tests/set.test.ts"
  },
  {
    "name": "doesn’t throw when an empty set is given",
    "file": "/home/azureuser/zodlil/vendor/zod/packages/zod/src/v4/classic/tests/set.test.ts"
  },
  {
    "name": "throws when a Map is given",
    "file": "/home/azureuser/zodlil/vendor/zod/packages/zod/src/v4/classic/tests/set.test.ts"
  },
  {
    "name": "throws when the given set has invalid input",
    "file": "/home/azureuser/zodlil/vendor/zod/packages/zod/src/v4/classic/tests/set.test.ts"
  },
  {
    "name": "throws when the given set has multiple invalid entries",
    "file": "/home/azureuser/zodlil/vendor/zod/packages/zod/src/v4/classic/tests/set.test.ts"
  },
  {
    "name": "min/max",
    "file": "/home/azureuser/zodlil/vendor/zod/packages/zod/src/v4/classic/tests/set.test.ts"
  },
  {
    "name": "length checks",
    "file": "/home/azureuser/zodlil/vendor/zod/packages/zod/src/v4/classic/tests/standard-schema.test.ts"
  },
  {
    "name": "length checks",
    "file": "/home/azureuser/zodlil/vendor/zod/packages/zod/src/v4/classic/tests/standard-schema.test.ts"
  },
  {
    "name": "length checks",
    "file": "/home/azureuser/zodlil/vendor/zod/packages/zod/src/v4/classic/tests/standard-schema.test.ts"
  },
  {
    "name": "length checks",
    "file": "/home/azureuser/zodlil/vendor/zod/packages/zod/src/v4/classic/tests/standard-schema.test.ts"
  },
  {
    "name": "schemas conform to StandardJSONSchemaV1",
    "file": "/home/azureuser/zodlil/vendor/zod/packages/zod/src/v4/classic/tests/standard-schema.test.ts"
  },
  {
    "name": ".toJSONSchema() returns StandardJSONSchemaV1",
    "file": "/home/azureuser/zodlil/vendor/zod/packages/zod/src/v4/classic/tests/standard-schema.test.ts"
  },
  {
    "name": "z.toJSONSchema() returns StandardJSONSchemaV1",
    "file": "/home/azureuser/zodlil/vendor/zod/packages/zod/src/v4/classic/tests/standard-schema.test.ts"
  },
  {
    "name": "string format methods",
    "file": "/home/azureuser/zodlil/vendor/zod/packages/zod/src/v4/classic/tests/string-formats.test.ts"
  },
  {
    "name": "z.stringFormat",
    "file": "/home/azureuser/zodlil/vendor/zod/packages/zod/src/v4/classic/tests/string-formats.test.ts"
  },
  {
    "name": "z.hex",
    "file": "/home/azureuser/zodlil/vendor/zod/packages/zod/src/v4/classic/tests/string-formats.test.ts"
  },
  {
    "name": "length checks",
    "file": "/home/azureuser/zodlil/vendor/zod/packages/zod/src/v4/classic/tests/string.test.ts"
  },
  {
    "name": "includes",
    "file": "/home/azureuser/zodlil/vendor/zod/packages/zod/src/v4/classic/tests/string.test.ts"
  },
  {
    "name": "includes with string error message",
    "file": "/home/azureuser/zodlil/vendor/zod/packages/zod/src/v4/classic/tests/string.test.ts"
  },
  {
    "name": "startswith/endswith",
    "file": "/home/azureuser/zodlil/vendor/zod/packages/zod/src/v4/classic/tests/string.test.ts"
  },
  {
    "name": "email validations",
    "file": "/home/azureuser/zodlil/vendor/zod/packages/zod/src/v4/classic/tests/string.test.ts"
  },
  {
    "name": "base64 validations",
    "file": "/home/azureuser/zodlil/vendor/zod/packages/zod/src/v4/classic/tests/string.test.ts"
  },
  {
    "name": "base64url validations",
    "file": "/home/azureuser/zodlil/vendor/zod/packages/zod/src/v4/classic/tests/string.test.ts"
  },
  {
    "name": "big base64 and base64url",
    "file": "/home/azureuser/zodlil/vendor/zod/packages/zod/src/v4/classic/tests/string.test.ts"
  },
  {
    "name": "jwt token",
    "file": "/home/azureuser/zodlil/vendor/zod/packages/zod/src/v4/classic/tests/string.test.ts"
  },
  {
    "name": "url validations",
    "file": "/home/azureuser/zodlil/vendor/zod/packages/zod/src/v4/classic/tests/string.test.ts"
  },
  {
    "name": "url preserves original input",
    "file": "/home/azureuser/zodlil/vendor/zod/packages/zod/src/v4/classic/tests/string.test.ts"
  },
  {
    "name": "url trims whitespace",
    "file": "/home/azureuser/zodlil/vendor/zod/packages/zod/src/v4/classic/tests/string.test.ts"
  },
  {
    "name": "url returns the string the parser validated",
    "file": "/home/azureuser/zodlil/vendor/zod/packages/zod/src/v4/classic/tests/string.test.ts"
  },
  {
    "name": "ipv6 and cidrv6 reject anything outside the address alphabet",
    "file": "/home/azureuser/zodlil/vendor/zod/packages/zod/src/v4/classic/tests/string.test.ts"
  },
  {
    "name": "url normalize flag",
    "file": "/home/azureuser/zodlil/vendor/zod/packages/zod/src/v4/classic/tests/string.test.ts"
  },
  {
    "name": "url normalize with hostname and protocol constraints",
    "file": "/home/azureuser/zodlil/vendor/zod/packages/zod/src/v4/classic/tests/string.test.ts"
  },
  {
    "name": "httpurl",
    "file": "/home/azureuser/zodlil/vendor/zod/packages/zod/src/v4/classic/tests/string.test.ts"
  },
  {
    "name": "url error overrides",
    "file": "/home/azureuser/zodlil/vendor/zod/packages/zod/src/v4/classic/tests/string.test.ts"
  },
  {
    "name": "emoji validations",
    "file": "/home/azureuser/zodlil/vendor/zod/packages/zod/src/v4/classic/tests/string.test.ts"
  },
  {
    "name": "nanoid",
    "file": "/home/azureuser/zodlil/vendor/zod/packages/zod/src/v4/classic/tests/string.test.ts"
  },
  {
    "name": "bad nanoid",
    "file": "/home/azureuser/zodlil/vendor/zod/packages/zod/src/v4/classic/tests/string.test.ts"
  },
  {
    "name": "good uuid",
    "file": "/home/azureuser/zodlil/vendor/zod/packages/zod/src/v4/classic/tests/string.test.ts"
  },
  {
    "name": "bad uuid",
    "file": "/home/azureuser/zodlil/vendor/zod/packages/zod/src/v4/classic/tests/string.test.ts"
  },
  {
    "name": "good guid",
    "file": "/home/azureuser/zodlil/vendor/zod/packages/zod/src/v4/classic/tests/string.test.ts"
  },
  {
    "name": "bad guid",
    "file": "/home/azureuser/zodlil/vendor/zod/packages/zod/src/v4/classic/tests/string.test.ts"
  },
  {
    "name": "cuid",
    "file": "/home/azureuser/zodlil/vendor/zod/packages/zod/src/v4/classic/tests/string.test.ts"
  },
  {
    "name": "cuid2",
    "file": "/home/azureuser/zodlil/vendor/zod/packages/zod/src/v4/classic/tests/string.test.ts"
  },
  {
    "name": "ulid",
    "file": "/home/azureuser/zodlil/vendor/zod/packages/zod/src/v4/classic/tests/string.test.ts"
  },
  {
    "name": "xid",
    "file": "/home/azureuser/zodlil/vendor/zod/packages/zod/src/v4/classic/tests/string.test.ts"
  },
  {
    "name": "ksuid",
    "file": "/home/azureuser/zodlil/vendor/zod/packages/zod/src/v4/classic/tests/string.test.ts"
  },
  {
    "name": "regex",
    "file": "/home/azureuser/zodlil/vendor/zod/packages/zod/src/v4/classic/tests/string.test.ts"
  },
  {
    "name": "regexp error message",
    "file": "/home/azureuser/zodlil/vendor/zod/packages/zod/src/v4/classic/tests/string.test.ts"
  },
  {
    "name": "regexp error custom message",
    "file": "/home/azureuser/zodlil/vendor/zod/packages/zod/src/v4/classic/tests/string.test.ts"
  },
  {
    "name": "regex lastIndex reset",
    "file": "/home/azureuser/zodlil/vendor/zod/packages/zod/src/v4/classic/tests/string.test.ts"
  },
  {
    "name": "format",
    "file": "/home/azureuser/zodlil/vendor/zod/packages/zod/src/v4/classic/tests/string.test.ts"
  },
  {
    "name": "min max getters",
    "file": "/home/azureuser/zodlil/vendor/zod/packages/zod/src/v4/classic/tests/string.test.ts"
  },
  {
    "name": "boundary cases with zero length",
    "file": "/home/azureuser/zodlil/vendor/zod/packages/zod/src/v4/classic/tests/string.test.ts"
  },
  {
    "name": "length checks count Unicode code points, not UTF-16 code units",
    "file": "/home/azureuser/zodlil/vendor/zod/packages/zod/src/v4/classic/tests/string.test.ts"
  },
  {
    "name": "trim",
    "file": "/home/azureuser/zodlil/vendor/zod/packages/zod/src/v4/classic/tests/string.test.ts"
  },
  {
    "name": "lowerCase",
    "file": "/home/azureuser/zodlil/vendor/zod/packages/zod/src/v4/classic/tests/string.test.ts"
  },
  {
    "name": "slugify",
    "file": "/home/azureuser/zodlil/vendor/zod/packages/zod/src/v4/classic/tests/string.test.ts"
  },
  {
    "name": "IPv4 validation",
    "file": "/home/azureuser/zodlil/vendor/zod/packages/zod/src/v4/classic/tests/string.test.ts"
  },
  {
    "name": "IPv6 validation",
    "file": "/home/azureuser/zodlil/vendor/zod/packages/zod/src/v4/classic/tests/string.test.ts"
  },
  {
    "name": "MAC validation",
    "file": "/home/azureuser/zodlil/vendor/zod/packages/zod/src/v4/classic/tests/string.test.ts"
  },
  {
    "name": "MAC validation with custom delimiter",
    "file": "/home/azureuser/zodlil/vendor/zod/packages/zod/src/v4/classic/tests/string.test.ts"
  },
  {
    "name": "CIDR v4 validation",
    "file": "/home/azureuser/zodlil/vendor/zod/packages/zod/src/v4/classic/tests/string.test.ts"
  },
  {
    "name": "CIDR v6 validation",
    "file": "/home/azureuser/zodlil/vendor/zod/packages/zod/src/v4/classic/tests/string.test.ts"
  },
  {
    "name": "E.164 validation",
    "file": "/home/azureuser/zodlil/vendor/zod/packages/zod/src/v4/classic/tests/string.test.ts"
  },
  {
    "name": "hostname",
    "file": "/home/azureuser/zodlil/vendor/zod/packages/zod/src/v4/classic/tests/string.test.ts"
  },
  {
    "name": "hash validation",
    "file": "/home/azureuser/zodlil/vendor/zod/packages/zod/src/v4/classic/tests/string.test.ts"
  },
  {
    "name": "z.stringbool",
    "file": "/home/azureuser/zodlil/vendor/zod/packages/zod/src/v4/classic/tests/stringbool.test.ts"
  },
  {
    "name": "custom values",
    "file": "/home/azureuser/zodlil/vendor/zod/packages/zod/src/v4/classic/tests/stringbool.test.ts"
  },
  {
    "name": "custom values - case sensitive",
    "file": "/home/azureuser/zodlil/vendor/zod/packages/zod/src/v4/classic/tests/stringbool.test.ts"
  },
  {
    "name": "z.stringbool with custom error messages",
    "file": "/home/azureuser/zodlil/vendor/zod/packages/zod/src/v4/classic/tests/stringbool.test.ts"
  },
  {
    "name": "z.stringbool codec encoding",
    "file": "/home/azureuser/zodlil/vendor/zod/packages/zod/src/v4/classic/tests/stringbool.test.ts"
  },
  {
    "name": "z.stringbool codec encoding with custom values",
    "file": "/home/azureuser/zodlil/vendor/zod/packages/zod/src/v4/classic/tests/stringbool.test.ts"
  },
  {
    "name": "z.stringbool codec round trip",
    "file": "/home/azureuser/zodlil/vendor/zod/packages/zod/src/v4/classic/tests/stringbool.test.ts"
  },
  {
    "name": "template literal type inference",
    "file": "/home/azureuser/zodlil/vendor/zod/packages/zod/src/v4/classic/tests/template-literal.test.ts"
  },
  {
    "name": "template literal unsupported args",
    "file": "/home/azureuser/zodlil/vendor/zod/packages/zod/src/v4/classic/tests/template-literal.test.ts"
  },
  {
    "name": "template literal parsing - success - basic cases",
    "file": "/home/azureuser/zodlil/vendor/zod/packages/zod/src/v4/classic/tests/template-literal.test.ts"
  },
  {
    "name": "template literal parsing - failure - basic cases",
    "file": "/home/azureuser/zodlil/vendor/zod/packages/zod/src/v4/classic/tests/template-literal.test.ts"
  },
  {
    "name": "regexes",
    "file": "/home/azureuser/zodlil/vendor/zod/packages/zod/src/v4/classic/tests/template-literal.test.ts"
  },
  {
    "name": "template literal parsing - success - complex cases",
    "file": "/home/azureuser/zodlil/vendor/zod/packages/zod/src/v4/classic/tests/template-literal.test.ts"
  },
  {
    "name": "template literal parsing - failure - complex cases",
    "file": "/home/azureuser/zodlil/vendor/zod/packages/zod/src/v4/classic/tests/template-literal.test.ts"
  },
  {
    "name": "template literal parsing - failure - issue format",
    "file": "/home/azureuser/zodlil/vendor/zod/packages/zod/src/v4/classic/tests/template-literal.test.ts"
  },
  {
    "name": "toJSONSchema method > primitive types > string",
    "file": "/home/azureuser/zodlil/vendor/zod/packages/zod/src/v4/classic/tests/to-json-schema-methods.test.ts"
  },
  {
    "name": "toJSONSchema method > primitive types > number",
    "file": "/home/azureuser/zodlil/vendor/zod/packages/zod/src/v4/classic/tests/to-json-schema-methods.test.ts"
  },
  {
    "name": "toJSONSchema method > primitive types > boolean",
    "file": "/home/azureuser/zodlil/vendor/zod/packages/zod/src/v4/classic/tests/to-json-schema-methods.test.ts"
  },
  {
    "name": "toJSONSchema method > primitive types > bigint",
    "file": "/home/azureuser/zodlil/vendor/zod/packages/zod/src/v4/classic/tests/to-json-schema-methods.test.ts"
  },
  {
    "name": "toJSONSchema method > primitive types > symbol",
    "file": "/home/azureuser/zodlil/vendor/zod/packages/zod/src/v4/classic/tests/to-json-schema-methods.test.ts"
  },
  {
    "name": "toJSONSchema method > primitive types > null",
    "file": "/home/azureuser/zodlil/vendor/zod/packages/zod/src/v4/classic/tests/to-json-schema-methods.test.ts"
  },
  {
    "name": "toJSONSchema method > primitive types > undefined",
    "file": "/home/azureuser/zodlil/vendor/zod/packages/zod/src/v4/classic/tests/to-json-schema-methods.test.ts"
  },
  {
    "name": "toJSONSchema method > primitive types > void",
    "file": "/home/azureuser/zodlil/vendor/zod/packages/zod/src/v4/classic/tests/to-json-schema-methods.test.ts"
  },
  {
    "name": "toJSONSchema method > primitive types > never",
    "file": "/home/azureuser/zodlil/vendor/zod/packages/zod/src/v4/classic/tests/to-json-schema-methods.test.ts"
  },
  {
    "name": "toJSONSchema method > primitive types > any",
    "file": "/home/azureuser/zodlil/vendor/zod/packages/zod/src/v4/classic/tests/to-json-schema-methods.test.ts"
  },
  {
    "name": "toJSONSchema method > primitive types > unknown",
    "file": "/home/azureuser/zodlil/vendor/zod/packages/zod/src/v4/classic/tests/to-json-schema-methods.test.ts"
  },
  {
    "name": "toJSONSchema method > primitive types > date",
    "file": "/home/azureuser/zodlil/vendor/zod/packages/zod/src/v4/classic/tests/to-json-schema-methods.test.ts"
  },
  {
    "name": "toJSONSchema method > primitive types > nan",
    "file": "/home/azureuser/zodlil/vendor/zod/packages/zod/src/v4/classic/tests/to-json-schema-methods.test.ts"
  },
  {
    "name": "toJSONSchema method > string formats > email",
    "file": "/home/azureuser/zodlil/vendor/zod/packages/zod/src/v4/classic/tests/to-json-schema-methods.test.ts"
  },
  {
    "name": "toJSONSchema method > string formats > url",
    "file": "/home/azureuser/zodlil/vendor/zod/packages/zod/src/v4/classic/tests/to-json-schema-methods.test.ts"
  },
  {
    "name": "toJSONSchema method > string formats > uuid",
    "file": "/home/azureuser/zodlil/vendor/zod/packages/zod/src/v4/classic/tests/to-json-schema-methods.test.ts"
  },
  {
    "name": "toJSONSchema method > string formats > datetime",
    "file": "/home/azureuser/zodlil/vendor/zod/packages/zod/src/v4/classic/tests/to-json-schema-methods.test.ts"
  },
  {
    "name": "toJSONSchema method > string formats > date",
    "file": "/home/azureuser/zodlil/vendor/zod/packages/zod/src/v4/classic/tests/to-json-schema-methods.test.ts"
  },
  {
    "name": "toJSONSchema method > string formats > guid",
    "file": "/home/azureuser/zodlil/vendor/zod/packages/zod/src/v4/classic/tests/to-json-schema-methods.test.ts"
  },
  {
    "name": "toJSONSchema method > string formats > cuid",
    "file": "/home/azureuser/zodlil/vendor/zod/packages/zod/src/v4/classic/tests/to-json-schema-methods.test.ts"
  },
  {
    "name": "toJSONSchema method > string formats > cuid2",
    "file": "/home/azureuser/zodlil/vendor/zod/packages/zod/src/v4/classic/tests/to-json-schema-methods.test.ts"
  },
  {
    "name": "toJSONSchema method > string formats > ulid",
    "file": "/home/azureuser/zodlil/vendor/zod/packages/zod/src/v4/classic/tests/to-json-schema-methods.test.ts"
  },
  {
    "name": "toJSONSchema method > string formats > base64",
    "file": "/home/azureuser/zodlil/vendor/zod/packages/zod/src/v4/classic/tests/to-json-schema-methods.test.ts"
  },
  {
    "name": "toJSONSchema method > string formats > ipv4",
    "file": "/home/azureuser/zodlil/vendor/zod/packages/zod/src/v4/classic/tests/to-json-schema-methods.test.ts"
  },
  {
    "name": "toJSONSchema method > string formats > ipv6",
    "file": "/home/azureuser/zodlil/vendor/zod/packages/zod/src/v4/classic/tests/to-json-schema-methods.test.ts"
  },
  {
    "name": "toJSONSchema method > string validations > min length",
    "file": "/home/azureuser/zodlil/vendor/zod/packages/zod/src/v4/classic/tests/to-json-schema-methods.test.ts"
  },
  {
    "name": "toJSONSchema method > string validations > max length",
    "file": "/home/azureuser/zodlil/vendor/zod/packages/zod/src/v4/classic/tests/to-json-schema-methods.test.ts"
  },
  {
    "name": "toJSONSchema method > string validations > length",
    "file": "/home/azureuser/zodlil/vendor/zod/packages/zod/src/v4/classic/tests/to-json-schema-methods.test.ts"
  },
  {
    "name": "toJSONSchema method > string validations > regex",
    "file": "/home/azureuser/zodlil/vendor/zod/packages/zod/src/v4/classic/tests/to-json-schema-methods.test.ts"
  },
  {
    "name": "toJSONSchema method > string validations > multiple patterns",
    "file": "/home/azureuser/zodlil/vendor/zod/packages/zod/src/v4/classic/tests/to-json-schema-methods.test.ts"
  },
  {
    "name": "toJSONSchema method > string validations > startsWith",
    "file": "/home/azureuser/zodlil/vendor/zod/packages/zod/src/v4/classic/tests/to-json-schema-methods.test.ts"
  },
  {
    "name": "toJSONSchema method > string validations > endsWith",
    "file": "/home/azureuser/zodlil/vendor/zod/packages/zod/src/v4/classic/tests/to-json-schema-methods.test.ts"
  },
  {
    "name": "toJSONSchema method > string validations > includes",
    "file": "/home/azureuser/zodlil/vendor/zod/packages/zod/src/v4/classic/tests/to-json-schema-methods.test.ts"
  },
  {
    "name": "toJSONSchema method > number validations > min",
    "file": "/home/azureuser/zodlil/vendor/zod/packages/zod/src/v4/classic/tests/to-json-schema-methods.test.ts"
  },
  {
    "name": "toJSONSchema method > number validations > max",
    "file": "/home/azureuser/zodlil/vendor/zod/packages/zod/src/v4/classic/tests/to-json-schema-methods.test.ts"
  },
  {
    "name": "toJSONSchema method > number validations > int",
    "file": "/home/azureuser/zodlil/vendor/zod/packages/zod/src/v4/classic/tests/to-json-schema-methods.test.ts"
  },
  {
    "name": "toJSONSchema method > number validations > positive",
    "file": "/home/azureuser/zodlil/vendor/zod/packages/zod/src/v4/classic/tests/to-json-schema-methods.test.ts"
  },
  {
    "name": "toJSONSchema method > number validations > negative",
    "file": "/home/azureuser/zodlil/vendor/zod/packages/zod/src/v4/classic/tests/to-json-schema-methods.test.ts"
  },
  {
    "name": "toJSONSchema method > number validations > multipleOf",
    "file": "/home/azureuser/zodlil/vendor/zod/packages/zod/src/v4/classic/tests/to-json-schema-methods.test.ts"
  },
  {
    "name": "toJSONSchema method > number validations > gte",
    "file": "/home/azureuser/zodlil/vendor/zod/packages/zod/src/v4/classic/tests/to-json-schema-methods.test.ts"
  },
  {
    "name": "toJSONSchema method > number validations > lte",
    "file": "/home/azureuser/zodlil/vendor/zod/packages/zod/src/v4/classic/tests/to-json-schema-methods.test.ts"
  },
  {
    "name": "toJSONSchema method > number validations > gt",
    "file": "/home/azureuser/zodlil/vendor/zod/packages/zod/src/v4/classic/tests/to-json-schema-methods.test.ts"
  },
  {
    "name": "toJSONSchema method > number validations > lt",
    "file": "/home/azureuser/zodlil/vendor/zod/packages/zod/src/v4/classic/tests/to-json-schema-methods.test.ts"
  },
  {
    "name": "toJSONSchema method > literals and enums > literal string",
    "file": "/home/azureuser/zodlil/vendor/zod/packages/zod/src/v4/classic/tests/to-json-schema-methods.test.ts"
  },
  {
    "name": "toJSONSchema method > literals and enums > literal number",
    "file": "/home/azureuser/zodlil/vendor/zod/packages/zod/src/v4/classic/tests/to-json-schema-methods.test.ts"
  },
  {
    "name": "toJSONSchema method > literals and enums > literal boolean",
    "file": "/home/azureuser/zodlil/vendor/zod/packages/zod/src/v4/classic/tests/to-json-schema-methods.test.ts"
  },
  {
    "name": "toJSONSchema method > literals and enums > literal null",
    "file": "/home/azureuser/zodlil/vendor/zod/packages/zod/src/v4/classic/tests/to-json-schema-methods.test.ts"
  },
  {
    "name": "toJSONSchema method > literals and enums > multiple literals",
    "file": "/home/azureuser/zodlil/vendor/zod/packages/zod/src/v4/classic/tests/to-json-schema-methods.test.ts"
  },
  {
    "name": "toJSONSchema method > literals and enums > enum",
    "file": "/home/azureuser/zodlil/vendor/zod/packages/zod/src/v4/classic/tests/to-json-schema-methods.test.ts"
  },
  {
    "name": "toJSONSchema method > literals and enums > nativeEnum",
    "file": "/home/azureuser/zodlil/vendor/zod/packages/zod/src/v4/classic/tests/to-json-schema-methods.test.ts"
  },
  {
    "name": "toJSONSchema method > composite types > array",
    "file": "/home/azureuser/zodlil/vendor/zod/packages/zod/src/v4/classic/tests/to-json-schema-methods.test.ts"
  },
  {
    "name": "toJSONSchema method > composite types > array with min",
    "file": "/home/azureuser/zodlil/vendor/zod/packages/zod/src/v4/classic/tests/to-json-schema-methods.test.ts"
  },
  {
    "name": "toJSONSchema method > composite types > array with max",
    "file": "/home/azureuser/zodlil/vendor/zod/packages/zod/src/v4/classic/tests/to-json-schema-methods.test.ts"
  },
  {
    "name": "toJSONSchema method > composite types > object",
    "file": "/home/azureuser/zodlil/vendor/zod/packages/zod/src/v4/classic/tests/to-json-schema-methods.test.ts"
  },
  {
    "name": "toJSONSchema method > composite types > object with optional",
    "file": "/home/azureuser/zodlil/vendor/zod/packages/zod/src/v4/classic/tests/to-json-schema-methods.test.ts"
  },
  {
    "name": "toJSONSchema method > composite types > strict object",
    "file": "/home/azureuser/zodlil/vendor/zod/packages/zod/src/v4/classic/tests/to-json-schema-methods.test.ts"
  },
  {
    "name": "toJSONSchema method > composite types > loose object",
    "file": "/home/azureuser/zodlil/vendor/zod/packages/zod/src/v4/classic/tests/to-json-schema-methods.test.ts"
  },
  {
    "name": "toJSONSchema method > composite types > object with catchall",
    "file": "/home/azureuser/zodlil/vendor/zod/packages/zod/src/v4/classic/tests/to-json-schema-methods.test.ts"
  },
  {
    "name": "toJSONSchema method > composite types > tuple",
    "file": "/home/azureuser/zodlil/vendor/zod/packages/zod/src/v4/classic/tests/to-json-schema-methods.test.ts"
  },
  {
    "name": "toJSONSchema method > composite types > tuple with rest",
    "file": "/home/azureuser/zodlil/vendor/zod/packages/zod/src/v4/classic/tests/to-json-schema-methods.test.ts"
  },
  {
    "name": "toJSONSchema method > composite types > record",
    "file": "/home/azureuser/zodlil/vendor/zod/packages/zod/src/v4/classic/tests/to-json-schema-methods.test.ts"
  },
  {
    "name": "toJSONSchema method > composite types > union",
    "file": "/home/azureuser/zodlil/vendor/zod/packages/zod/src/v4/classic/tests/to-json-schema-methods.test.ts"
  },
  {
    "name": "toJSONSchema method > composite types > discriminated union",
    "file": "/home/azureuser/zodlil/vendor/zod/packages/zod/src/v4/classic/tests/to-json-schema-methods.test.ts"
  },
  {
    "name": "toJSONSchema method > composite types > intersection",
    "file": "/home/azureuser/zodlil/vendor/zod/packages/zod/src/v4/classic/tests/to-json-schema-methods.test.ts"
  },
  {
    "name": "toJSONSchema method > wrapper types > optional",
    "file": "/home/azureuser/zodlil/vendor/zod/packages/zod/src/v4/classic/tests/to-json-schema-methods.test.ts"
  },
  {
    "name": "toJSONSchema method > wrapper types > nullable",
    "file": "/home/azureuser/zodlil/vendor/zod/packages/zod/src/v4/classic/tests/to-json-schema-methods.test.ts"
  },
  {
    "name": "toJSONSchema method > wrapper types > nullish",
    "file": "/home/azureuser/zodlil/vendor/zod/packages/zod/src/v4/classic/tests/to-json-schema-methods.test.ts"
  },
  {
    "name": "toJSONSchema method > wrapper types > default",
    "file": "/home/azureuser/zodlil/vendor/zod/packages/zod/src/v4/classic/tests/to-json-schema-methods.test.ts"
  },
  {
    "name": "toJSONSchema method > wrapper types > default function",
    "file": "/home/azureuser/zodlil/vendor/zod/packages/zod/src/v4/classic/tests/to-json-schema-methods.test.ts"
  },
  {
    "name": "toJSONSchema method > wrapper types > prefault",
    "file": "/home/azureuser/zodlil/vendor/zod/packages/zod/src/v4/classic/tests/to-json-schema-methods.test.ts"
  },
  {
    "name": "toJSONSchema method > wrapper types > prefault function",
    "file": "/home/azureuser/zodlil/vendor/zod/packages/zod/src/v4/classic/tests/to-json-schema-methods.test.ts"
  },
  {
    "name": "toJSONSchema method > wrapper types > catch",
    "file": "/home/azureuser/zodlil/vendor/zod/packages/zod/src/v4/classic/tests/to-json-schema-methods.test.ts"
  },
  {
    "name": "toJSONSchema method > wrapper types > readonly",
    "file": "/home/azureuser/zodlil/vendor/zod/packages/zod/src/v4/classic/tests/to-json-schema-methods.test.ts"
  },
  {
    "name": "toJSONSchema method > wrapper types > nonoptional",
    "file": "/home/azureuser/zodlil/vendor/zod/packages/zod/src/v4/classic/tests/to-json-schema-methods.test.ts"
  },
  {
    "name": "toJSONSchema method > special types > lazy",
    "file": "/home/azureuser/zodlil/vendor/zod/packages/zod/src/v4/classic/tests/to-json-schema-methods.test.ts"
  },
  {
    "name": "toJSONSchema method > special types > promise",
    "file": "/home/azureuser/zodlil/vendor/zod/packages/zod/src/v4/classic/tests/to-json-schema-methods.test.ts"
  },
  {
    "name": "toJSONSchema method > special types > pipe",
    "file": "/home/azureuser/zodlil/vendor/zod/packages/zod/src/v4/classic/tests/to-json-schema-methods.test.ts"
  },
  {
    "name": "toJSONSchema method > special types > transform",
    "file": "/home/azureuser/zodlil/vendor/zod/packages/zod/src/v4/classic/tests/to-json-schema-methods.test.ts"
  },
  {
    "name": "toJSONSchema method > special types > file",
    "file": "/home/azureuser/zodlil/vendor/zod/packages/zod/src/v4/classic/tests/to-json-schema-methods.test.ts"
  },
  {
    "name": "toJSONSchema method > special types > file with mime",
    "file": "/home/azureuser/zodlil/vendor/zod/packages/zod/src/v4/classic/tests/to-json-schema-methods.test.ts"
  },
  {
    "name": "toJSONSchema method > parameters > target draft-7",
    "file": "/home/azureuser/zodlil/vendor/zod/packages/zod/src/v4/classic/tests/to-json-schema-methods.test.ts"
  },
  {
    "name": "toJSONSchema method > parameters > target draft-4",
    "file": "/home/azureuser/zodlil/vendor/zod/packages/zod/src/v4/classic/tests/to-json-schema-methods.test.ts"
  },
  {
    "name": "toJSONSchema method > parameters > target openapi-3.0",
    "file": "/home/azureuser/zodlil/vendor/zod/packages/zod/src/v4/classic/tests/to-json-schema-methods.test.ts"
  },
  {
    "name": "toJSONSchema method > parameters > io input",
    "file": "/home/azureuser/zodlil/vendor/zod/packages/zod/src/v4/classic/tests/to-json-schema-methods.test.ts"
  },
  {
    "name": "toJSONSchema method > parameters > cycles throw",
    "file": "/home/azureuser/zodlil/vendor/zod/packages/zod/src/v4/classic/tests/to-json-schema-methods.test.ts"
  },
  {
    "name": "toJSONSchema method > parameters > reused ref",
    "file": "/home/azureuser/zodlil/vendor/zod/packages/zod/src/v4/classic/tests/to-json-schema-methods.test.ts"
  },
  {
    "name": "toJSONSchema method > edge cases with metadata > schema with id metadata",
    "file": "/home/azureuser/zodlil/vendor/zod/packages/zod/src/v4/classic/tests/to-json-schema-methods.test.ts"
  },
  {
    "name": "toJSONSchema method > edge cases with metadata > schema with id then additional metadata",
    "file": "/home/azureuser/zodlil/vendor/zod/packages/zod/src/v4/classic/tests/to-json-schema-methods.test.ts"
  },
  {
    "name": "toJSONSchema method > edge cases with metadata > nested schema with id",
    "file": "/home/azureuser/zodlil/vendor/zod/packages/zod/src/v4/classic/tests/to-json-schema-methods.test.ts"
  },
  {
    "name": "toJSONSchema > primitive types",
    "file": "/home/azureuser/zodlil/vendor/zod/packages/zod/src/v4/classic/tests/to-json-schema.test.ts"
  },
  {
    "name": "toJSONSchema > unsupported schema types",
    "file": "/home/azureuser/zodlil/vendor/zod/packages/zod/src/v4/classic/tests/to-json-schema.test.ts"
  },
  {
    "name": "toJSONSchema > string formats",
    "file": "/home/azureuser/zodlil/vendor/zod/packages/zod/src/v4/classic/tests/to-json-schema.test.ts"
  },
  {
    "name": "toJSONSchema > string patterns",
    "file": "/home/azureuser/zodlil/vendor/zod/packages/zod/src/v4/classic/tests/to-json-schema.test.ts"
  },
  {
    "name": "toJSONSchema > number constraints",
    "file": "/home/azureuser/zodlil/vendor/zod/packages/zod/src/v4/classic/tests/to-json-schema.test.ts"
  },
  {
    "name": "toJSONSchema > number constraints draft-4",
    "file": "/home/azureuser/zodlil/vendor/zod/packages/zod/src/v4/classic/tests/to-json-schema.test.ts"
  },
  {
    "name": "toJSONSchema > number constraints intersection draft-04",
    "file": "/home/azureuser/zodlil/vendor/zod/packages/zod/src/v4/classic/tests/to-json-schema.test.ts"
  },
  {
    "name": "toJSONSchema > target normalization draft-04 and draft-07",
    "file": "/home/azureuser/zodlil/vendor/zod/packages/zod/src/v4/classic/tests/to-json-schema.test.ts"
  },
  {
    "name": "toJSONSchema > nullable openapi-3.0",
    "file": "/home/azureuser/zodlil/vendor/zod/packages/zod/src/v4/classic/tests/to-json-schema.test.ts"
  },
  {
    "name": "toJSONSchema > union with null openapi-3.0",
    "file": "/home/azureuser/zodlil/vendor/zod/packages/zod/src/v4/classic/tests/to-json-schema.test.ts"
  },
  {
    "name": "toJSONSchema > number with exclusive min-max openapi-3.0",
    "file": "/home/azureuser/zodlil/vendor/zod/packages/zod/src/v4/classic/tests/to-json-schema.test.ts"
  },
  {
    "name": "toJSONSchema > arrays",
    "file": "/home/azureuser/zodlil/vendor/zod/packages/zod/src/v4/classic/tests/to-json-schema.test.ts"
  },
  {
    "name": "toJSONSchema > unions",
    "file": "/home/azureuser/zodlil/vendor/zod/packages/zod/src/v4/classic/tests/to-json-schema.test.ts"
  },
  {
    "name": "toJSONSchema > nullable compacts to a type array",
    "file": "/home/azureuser/zodlil/vendor/zod/packages/zod/src/v4/classic/tests/to-json-schema.test.ts"
  },
  {
    "name": "toJSONSchema > duplicate branches dedupe, single branch stays a bare type",
    "file": "/home/azureuser/zodlil/vendor/zod/packages/zod/src/v4/classic/tests/to-json-schema.test.ts"
  },
  {
    "name": "toJSONSchema > compaction runs after overrides and ref extraction",
    "file": "/home/azureuser/zodlil/vendor/zod/packages/zod/src/v4/classic/tests/to-json-schema.test.ts"
  },
  {
    "name": "toJSONSchema > openapi-3.0 keeps a single-string type",
    "file": "/home/azureuser/zodlil/vendor/zod/packages/zod/src/v4/classic/tests/to-json-schema.test.ts"
  },
  {
    "name": "toJSONSchema > union with constrained branch is not compacted",
    "file": "/home/azureuser/zodlil/vendor/zod/packages/zod/src/v4/classic/tests/to-json-schema.test.ts"
  },
  {
    "name": "toJSONSchema > union of literals is not compacted",
    "file": "/home/azureuser/zodlil/vendor/zod/packages/zod/src/v4/classic/tests/to-json-schema.test.ts"
  },
  {
    "name": "toJSONSchema > discriminated unions",
    "file": "/home/azureuser/zodlil/vendor/zod/packages/zod/src/v4/classic/tests/to-json-schema.test.ts"
  },
  {
    "name": "toJSONSchema > intersections",
    "file": "/home/azureuser/zodlil/vendor/zod/packages/zod/src/v4/classic/tests/to-json-schema.test.ts"
  },
  {
    "name": "toJSONSchema > record",
    "file": "/home/azureuser/zodlil/vendor/zod/packages/zod/src/v4/classic/tests/to-json-schema.test.ts"
  },
  {
    "name": "toJSONSchema > record openapi-3.0",
    "file": "/home/azureuser/zodlil/vendor/zod/packages/zod/src/v4/classic/tests/to-json-schema.test.ts"
  },
  {
    "name": "toJSONSchema > record with enum keys adds required",
    "file": "/home/azureuser/zodlil/vendor/zod/packages/zod/src/v4/classic/tests/to-json-schema.test.ts"
  },
  {
    "name": "toJSONSchema > record filters enum values to strings and numbers for required",
    "file": "/home/azureuser/zodlil/vendor/zod/packages/zod/src/v4/classic/tests/to-json-schema.test.ts"
  },
  {
    "name": "toJSONSchema > strict record with regex key uses propertyNames",
    "file": "/home/azureuser/zodlil/vendor/zod/packages/zod/src/v4/classic/tests/to-json-schema.test.ts"
  },
  {
    "name": "toJSONSchema > looseRecord with regex key uses patternProperties",
    "file": "/home/azureuser/zodlil/vendor/zod/packages/zod/src/v4/classic/tests/to-json-schema.test.ts"
  },
  {
    "name": "toJSONSchema > looseRecord with multiple regex patterns uses patternProperties",
    "file": "/home/azureuser/zodlil/vendor/zod/packages/zod/src/v4/classic/tests/to-json-schema.test.ts"
  },
  {
    "name": "toJSONSchema > looseRecord without regex key uses propertyNames",
    "file": "/home/azureuser/zodlil/vendor/zod/packages/zod/src/v4/classic/tests/to-json-schema.test.ts"
  },
  {
    "name": "toJSONSchema > intersection of object with looseRecord uses patternProperties",
    "file": "/home/azureuser/zodlil/vendor/zod/packages/zod/src/v4/classic/tests/to-json-schema.test.ts"
  },
  {
    "name": "toJSONSchema > tuple",
    "file": "/home/azureuser/zodlil/vendor/zod/packages/zod/src/v4/classic/tests/to-json-schema.test.ts"
  },
  {
    "name": "toJSONSchema > tuple with rest",
    "file": "/home/azureuser/zodlil/vendor/zod/packages/zod/src/v4/classic/tests/to-json-schema.test.ts"
  },
  {
    "name": "toJSONSchema > tuple openapi-3.0",
    "file": "/home/azureuser/zodlil/vendor/zod/packages/zod/src/v4/classic/tests/to-json-schema.test.ts"
  },
  {
    "name": "toJSONSchema > tuple with rest openapi-3.0",
    "file": "/home/azureuser/zodlil/vendor/zod/packages/zod/src/v4/classic/tests/to-json-schema.test.ts"
  },
  {
    "name": "toJSONSchema > tuple with null openapi-3.0",
    "file": "/home/azureuser/zodlil/vendor/zod/packages/zod/src/v4/classic/tests/to-json-schema.test.ts"
  },
  {
    "name": "toJSONSchema > tuple draft-7",
    "file": "/home/azureuser/zodlil/vendor/zod/packages/zod/src/v4/classic/tests/to-json-schema.test.ts"
  },
  {
    "name": "toJSONSchema > tuple with rest draft-7",
    "file": "/home/azureuser/zodlil/vendor/zod/packages/zod/src/v4/classic/tests/to-json-schema.test.ts"
  },
  {
    "name": "toJSONSchema > tuple with rest draft-7 - issue #5151 regression test",
    "file": "/home/azureuser/zodlil/vendor/zod/packages/zod/src/v4/classic/tests/to-json-schema.test.ts"
  },
  {
    "name": "toJSONSchema > closed tuple length constraints - issue #6193",
    "file": "/home/azureuser/zodlil/vendor/zod/packages/zod/src/v4/classic/tests/to-json-schema.test.ts"
  },
  {
    "name": "toJSONSchema > closed tuple with optional trailing items",
    "file": "/home/azureuser/zodlil/vendor/zod/packages/zod/src/v4/classic/tests/to-json-schema.test.ts"
  },
  {
    "name": "toJSONSchema > empty closed tuple rejects extra elements",
    "file": "/home/azureuser/zodlil/vendor/zod/packages/zod/src/v4/classic/tests/to-json-schema.test.ts"
  },
  {
    "name": "toJSONSchema > closed tuple length respects io direction with defaults",
    "file": "/home/azureuser/zodlil/vendor/zod/packages/zod/src/v4/classic/tests/to-json-schema.test.ts"
  },
  {
    "name": "toJSONSchema > closed tuple length resolves input optionality past transform and catch",
    "file": "/home/azureuser/zodlil/vendor/zod/packages/zod/src/v4/classic/tests/to-json-schema.test.ts"
  },
  {
    "name": "toJSONSchema > promise",
    "file": "/home/azureuser/zodlil/vendor/zod/packages/zod/src/v4/classic/tests/to-json-schema.test.ts"
  },
  {
    "name": "toJSONSchema > lazy",
    "file": "/home/azureuser/zodlil/vendor/zod/packages/zod/src/v4/classic/tests/to-json-schema.test.ts"
  },
  {
    "name": "toJSONSchema > enum",
    "file": "/home/azureuser/zodlil/vendor/zod/packages/zod/src/v4/classic/tests/to-json-schema.test.ts"
  },
  {
    "name": "toJSONSchema > literal",
    "file": "/home/azureuser/zodlil/vendor/zod/packages/zod/src/v4/classic/tests/to-json-schema.test.ts"
  },
  {
    "name": "toJSONSchema > literal draft-4",
    "file": "/home/azureuser/zodlil/vendor/zod/packages/zod/src/v4/classic/tests/to-json-schema.test.ts"
  },
  {
    "name": "toJSONSchema > pipe",
    "file": "/home/azureuser/zodlil/vendor/zod/packages/zod/src/v4/classic/tests/to-json-schema.test.ts"
  },
  {
    "name": "toJSONSchema > simple objects",
    "file": "/home/azureuser/zodlil/vendor/zod/packages/zod/src/v4/classic/tests/to-json-schema.test.ts"
  },
  {
    "name": "toJSONSchema > additionalproperties in z.object",
    "file": "/home/azureuser/zodlil/vendor/zod/packages/zod/src/v4/classic/tests/to-json-schema.test.ts"
  },
  {
    "name": "toJSONSchema > catchall objects",
    "file": "/home/azureuser/zodlil/vendor/zod/packages/zod/src/v4/classic/tests/to-json-schema.test.ts"
  },
  {
    "name": "toJSONSchema > optional fields - object",
    "file": "/home/azureuser/zodlil/vendor/zod/packages/zod/src/v4/classic/tests/to-json-schema.test.ts"
  },
  {
    "name": "toJSONSchema > recursive object",
    "file": "/home/azureuser/zodlil/vendor/zod/packages/zod/src/v4/classic/tests/to-json-schema.test.ts"
  },
  {
    "name": "toJSONSchema > simple interface",
    "file": "/home/azureuser/zodlil/vendor/zod/packages/zod/src/v4/classic/tests/to-json-schema.test.ts"
  },
  {
    "name": "toJSONSchema > catchall interface",
    "file": "/home/azureuser/zodlil/vendor/zod/packages/zod/src/v4/classic/tests/to-json-schema.test.ts"
  },
  {
    "name": "toJSONSchema > recursive interface schemas",
    "file": "/home/azureuser/zodlil/vendor/zod/packages/zod/src/v4/classic/tests/to-json-schema.test.ts"
  },
  {
    "name": "toJSONSchema > mutually recursive interface schemas",
    "file": "/home/azureuser/zodlil/vendor/zod/packages/zod/src/v4/classic/tests/to-json-schema.test.ts"
  },
  {
    "name": "override",
    "file": "/home/azureuser/zodlil/vendor/zod/packages/zod/src/v4/classic/tests/to-json-schema.test.ts"
  },
  {
    "name": "override: do not run on references",
    "file": "/home/azureuser/zodlil/vendor/zod/packages/zod/src/v4/classic/tests/to-json-schema.test.ts"
  },
  {
    "name": "override with refs",
    "file": "/home/azureuser/zodlil/vendor/zod/packages/zod/src/v4/classic/tests/to-json-schema.test.ts"
  },
  {
    "name": "override execution order",
    "file": "/home/azureuser/zodlil/vendor/zod/packages/zod/src/v4/classic/tests/to-json-schema.test.ts"
  },
  {
    "name": "override with path",
    "file": "/home/azureuser/zodlil/vendor/zod/packages/zod/src/v4/classic/tests/to-json-schema.test.ts"
  },
  {
    "name": "pipe",
    "file": "/home/azureuser/zodlil/vendor/zod/packages/zod/src/v4/classic/tests/to-json-schema.test.ts"
  },
  {
    "name": "passthrough schemas",
    "file": "/home/azureuser/zodlil/vendor/zod/packages/zod/src/v4/classic/tests/to-json-schema.test.ts"
  },
  {
    "name": "extract schemas with id",
    "file": "/home/azureuser/zodlil/vendor/zod/packages/zod/src/v4/classic/tests/to-json-schema.test.ts"
  },
  {
    "name": "escapes JSON Pointer reserved characters in $ref but not in $defs key",
    "file": "/home/azureuser/zodlil/vendor/zod/packages/zod/src/v4/classic/tests/to-json-schema.test.ts"
  },
  {
    "name": "escapes JSON Pointer reserved characters in the root $ref",
    "file": "/home/azureuser/zodlil/vendor/zod/packages/zod/src/v4/classic/tests/to-json-schema.test.ts"
  },
  {
    "name": "unrepresentable default values go through `unrepresentable`",
    "file": "/home/azureuser/zodlil/vendor/zod/packages/zod/src/v4/classic/tests/to-json-schema.test.ts"
  },
  {
    "name": "an `unrepresentable` handler can represent a bigint default",
    "file": "/home/azureuser/zodlil/vendor/zod/packages/zod/src/v4/classic/tests/to-json-schema.test.ts"
  },
  {
    "name": "unrepresentable literal values are ignored",
    "file": "/home/azureuser/zodlil/vendor/zod/packages/zod/src/v4/classic/tests/to-json-schema.test.ts"
  },
  {
    "name": "describe with id",
    "file": "/home/azureuser/zodlil/vendor/zod/packages/zod/src/v4/classic/tests/to-json-schema.test.ts"
  },
  {
    "name": "id is stripped from $defs entries (draft-2020-12)",
    "file": "/home/azureuser/zodlil/vendor/zod/packages/zod/src/v4/classic/tests/to-json-schema.test.ts"
  },
  {
    "name": "id is stripped from definitions entries (draft-04)",
    "file": "/home/azureuser/zodlil/vendor/zod/packages/zod/src/v4/classic/tests/to-json-schema.test.ts"
  },
  {
    "name": "id is stripped from root schema",
    "file": "/home/azureuser/zodlil/vendor/zod/packages/zod/src/v4/classic/tests/to-json-schema.test.ts"
  },
  {
    "name": "root schema with id is hoisted into $defs",
    "file": "/home/azureuser/zodlil/vendor/zod/packages/zod/src/v4/classic/tests/to-json-schema.test.ts"
  },
  {
    "name": "root schema with id uses definitions on legacy targets",
    "file": "/home/azureuser/zodlil/vendor/zod/packages/zod/src/v4/classic/tests/to-json-schema.test.ts"
  },
  {
    "name": "id is observable in override callback",
    "file": "/home/azureuser/zodlil/vendor/zod/packages/zod/src/v4/classic/tests/to-json-schema.test.ts"
  },
  {
    "name": "describe with id on wrapper",
    "file": "/home/azureuser/zodlil/vendor/zod/packages/zod/src/v4/classic/tests/to-json-schema.test.ts"
  },
  {
    "name": "overwrite id",
    "file": "/home/azureuser/zodlil/vendor/zod/packages/zod/src/v4/classic/tests/to-json-schema.test.ts"
  },
  {
    "name": "overwrite descriptions",
    "file": "/home/azureuser/zodlil/vendor/zod/packages/zod/src/v4/classic/tests/to-json-schema.test.ts"
  },
  {
    "name": "top-level readonly",
    "file": "/home/azureuser/zodlil/vendor/zod/packages/zod/src/v4/classic/tests/to-json-schema.test.ts"
  },
  {
    "name": "basic registry",
    "file": "/home/azureuser/zodlil/vendor/zod/packages/zod/src/v4/classic/tests/to-json-schema.test.ts"
  },
  {
    "name": "large registry converts in linear time",
    "file": "/home/azureuser/zodlil/vendor/zod/packages/zod/src/v4/classic/tests/to-json-schema.test.ts"
  },
  {
    "name": "registry extracts unregistered subschemas into __shared",
    "file": "/home/azureuser/zodlil/vendor/zod/packages/zod/src/v4/classic/tests/to-json-schema.test.ts"
  },
  {
    "name": "registry extracts reused subschemas into __shared without an id",
    "file": "/home/azureuser/zodlil/vendor/zod/packages/zod/src/v4/classic/tests/to-json-schema.test.ts"
  },
  {
    "name": "JSONSchemaGenerator re-runs shared passes when emit params change",
    "file": "/home/azureuser/zodlil/vendor/zod/packages/zod/src/v4/classic/tests/to-json-schema.test.ts"
  },
  {
    "name": "JSONSchemaGenerator still throws on cycles when a later emit asks for it",
    "file": "/home/azureuser/zodlil/vendor/zod/packages/zod/src/v4/classic/tests/to-json-schema.test.ts"
  },
  {
    "name": "JSONSchemaGenerator re-runs shared passes on a no-params emit",
    "file": "/home/azureuser/zodlil/vendor/zod/packages/zod/src/v4/classic/tests/to-json-schema.test.ts"
  },
  {
    "name": "_ref",
    "file": "/home/azureuser/zodlil/vendor/zod/packages/zod/src/v4/classic/tests/to-json-schema.test.ts"
  },
  {
    "name": "defaults/prefaults",
    "file": "/home/azureuser/zodlil/vendor/zod/packages/zod/src/v4/classic/tests/to-json-schema.test.ts"
  },
  {
    "name": "catch on a transforming schema",
    "file": "/home/azureuser/zodlil/vendor/zod/packages/zod/src/v4/classic/tests/to-json-schema.test.ts"
  },
  {
    "name": "falsy prefaults (false, 0, empty string)",
    "file": "/home/azureuser/zodlil/vendor/zod/packages/zod/src/v4/classic/tests/to-json-schema.test.ts"
  },
  {
    "name": "input type",
    "file": "/home/azureuser/zodlil/vendor/zod/packages/zod/src/v4/classic/tests/to-json-schema.test.ts"
  },
  {
    "name": "examples on pipe",
    "file": "/home/azureuser/zodlil/vendor/zod/packages/zod/src/v4/classic/tests/to-json-schema.test.ts"
  },
  {
    "name": "use output type for preprocess",
    "file": "/home/azureuser/zodlil/vendor/zod/packages/zod/src/v4/classic/tests/to-json-schema.test.ts"
  },
  {
    "name": "object property with preprocess stays required in input JSON schema",
    "file": "/home/azureuser/zodlil/vendor/zod/packages/zod/src/v4/classic/tests/to-json-schema.test.ts"
  },
  {
    "name": "input JSON schema resolves requiredness past transform and catch wrappers",
    "file": "/home/azureuser/zodlil/vendor/zod/packages/zod/src/v4/classic/tests/to-json-schema.test.ts"
  },
  {
    "name": "strip output-side examples from input JSON schema for codec",
    "file": "/home/azureuser/zodlil/vendor/zod/packages/zod/src/v4/classic/tests/to-json-schema.test.ts"
  },
  {
    "name": "flatten simple intersections",
    "file": "/home/azureuser/zodlil/vendor/zod/packages/zod/src/v4/classic/tests/to-json-schema.test.ts"
  },
  {
    "name": "z.file()",
    "file": "/home/azureuser/zodlil/vendor/zod/packages/zod/src/v4/classic/tests/to-json-schema.test.ts"
  },
  {
    "name": "custom toJSONSchema",
    "file": "/home/azureuser/zodlil/vendor/zod/packages/zod/src/v4/classic/tests/to-json-schema.test.ts"
  },
  {
    "name": "cycle detection - root",
    "file": "/home/azureuser/zodlil/vendor/zod/packages/zod/src/v4/classic/tests/to-json-schema.test.ts"
  },
  {
    "name": "cycle detection - mutual recursion",
    "file": "/home/azureuser/zodlil/vendor/zod/packages/zod/src/v4/classic/tests/to-json-schema.test.ts"
  },
  {
    "name": "recursive lazy with describe does not stack overflow",
    "file": "/home/azureuser/zodlil/vendor/zod/packages/zod/src/v4/classic/tests/to-json-schema.test.ts"
  },
  {
    "name": "__proto__ shape key is emitted as an own property",
    "file": "/home/azureuser/zodlil/vendor/zod/packages/zod/src/v4/classic/tests/to-json-schema.test.ts"
  },
  {
    "name": "__proto__ registry id is emitted as an own entry",
    "file": "/home/azureuser/zodlil/vendor/zod/packages/zod/src/v4/classic/tests/to-json-schema.test.ts"
  },
  {
    "name": "__proto__ def id emits a resolvable $ref",
    "file": "/home/azureuser/zodlil/vendor/zod/packages/zod/src/v4/classic/tests/to-json-schema.test.ts"
  },
  {
    "name": "__proto__ patternProperties key is emitted as an own property",
    "file": "/home/azureuser/zodlil/vendor/zod/packages/zod/src/v4/classic/tests/to-json-schema.test.ts"
  },
  {
    "name": "__proto__ metadata survives direct and wrapper metadata merges",
    "file": "/home/azureuser/zodlil/vendor/zod/packages/zod/src/v4/classic/tests/to-json-schema.test.ts"
  },
  {
    "name": "partialRecord does not require finite keys",
    "file": "/home/azureuser/zodlil/vendor/zod/packages/zod/src/v4/classic/tests/to-json-schema.test.ts"
  },
  {
    "name": "unrepresentable callback > is consulted for every unrepresentable type",
    "file": "/home/azureuser/zodlil/vendor/zod/packages/zod/src/v4/classic/tests/to-json-schema.test.ts"
  },
  {
    "name": "unrepresentable callback > returned JSON Schema replaces the unrepresentable node",
    "file": "/home/azureuser/zodlil/vendor/zod/packages/zod/src/v4/classic/tests/to-json-schema.test.ts"
  },
  {
    "name": "unrepresentable callback > `throw` and `undefined` returns produce the default error",
    "file": "/home/azureuser/zodlil/vendor/zod/packages/zod/src/v4/classic/tests/to-json-schema.test.ts"
  },
  {
    "name": "unrepresentable callback > `any` return matches the string option",
    "file": "/home/azureuser/zodlil/vendor/zod/packages/zod/src/v4/classic/tests/to-json-schema.test.ts"
  },
  {
    "name": "unrepresentable callback > `message` distinguishes sites that share a schema",
    "file": "/home/azureuser/zodlil/vendor/zod/packages/zod/src/v4/classic/tests/to-json-schema.test.ts"
  },
  {
    "name": "unrepresentable callback > errors thrown by the callback propagate",
    "file": "/home/azureuser/zodlil/vendor/zod/packages/zod/src/v4/classic/tests/to-json-schema.test.ts"
  },
  {
    "name": "unrepresentable callback > runs before `override`",
    "file": "/home/azureuser/zodlil/vendor/zod/packages/zod/src/v4/classic/tests/to-json-schema.test.ts"
  },
  {
    "name": "unrepresentable callback > a returned schema replaces the whole literal",
    "file": "/home/azureuser/zodlil/vendor/zod/packages/zod/src/v4/classic/tests/to-json-schema.test.ts"
  },
  {
    "name": "unrepresentable callback > emits a valid OpenAPI 3.0 schema",
    "file": "/home/azureuser/zodlil/vendor/zod/packages/zod/src/v4/classic/tests/to-json-schema.test.ts"
  },
  {
    "name": "unrepresentable callback > the returned schema survives extraction into $defs",
    "file": "/home/azureuser/zodlil/vendor/zod/packages/zod/src/v4/classic/tests/to-json-schema.test.ts"
  },
  {
    "name": "unrepresentable callback > applies to dynamic catch values",
    "file": "/home/azureuser/zodlil/vendor/zod/packages/zod/src/v4/classic/tests/to-json-schema.test.ts"
  },
  {
    "name": "transform ctx.addIssue with parse",
    "file": "/home/azureuser/zodlil/vendor/zod/packages/zod/src/v4/classic/tests/transform.test.ts"
  },
  {
    "name": "transform ctx.addIssue with parseAsync",
    "file": "/home/azureuser/zodlil/vendor/zod/packages/zod/src/v4/classic/tests/transform.test.ts"
  },
  {
    "name": "z.NEVER in transform",
    "file": "/home/azureuser/zodlil/vendor/zod/packages/zod/src/v4/classic/tests/transform.test.ts"
  },
  {
    "name": "basic transformations",
    "file": "/home/azureuser/zodlil/vendor/zod/packages/zod/src/v4/classic/tests/transform.test.ts"
  },
  {
    "name": "coercion",
    "file": "/home/azureuser/zodlil/vendor/zod/packages/zod/src/v4/classic/tests/transform.test.ts"
  },
  {
    "name": "async coercion",
    "file": "/home/azureuser/zodlil/vendor/zod/packages/zod/src/v4/classic/tests/transform.test.ts"
  },
  {
    "name": "sync coercion async error",
    "file": "/home/azureuser/zodlil/vendor/zod/packages/zod/src/v4/classic/tests/transform.test.ts"
  },
  {
    "name": "default",
    "file": "/home/azureuser/zodlil/vendor/zod/packages/zod/src/v4/classic/tests/transform.test.ts"
  },
  {
    "name": "dynamic default",
    "file": "/home/azureuser/zodlil/vendor/zod/packages/zod/src/v4/classic/tests/transform.test.ts"
  },
  {
    "name": "default when property is null or undefined",
    "file": "/home/azureuser/zodlil/vendor/zod/packages/zod/src/v4/classic/tests/transform.test.ts"
  },
  {
    "name": "default with falsy values",
    "file": "/home/azureuser/zodlil/vendor/zod/packages/zod/src/v4/classic/tests/transform.test.ts"
  },
  {
    "name": "object typing",
    "file": "/home/azureuser/zodlil/vendor/zod/packages/zod/src/v4/classic/tests/transform.test.ts"
  },
  {
    "name": "transform method overloads",
    "file": "/home/azureuser/zodlil/vendor/zod/packages/zod/src/v4/classic/tests/transform.test.ts"
  },
  {
    "name": "multiple transformers",
    "file": "/home/azureuser/zodlil/vendor/zod/packages/zod/src/v4/classic/tests/transform.test.ts"
  },
  {
    "name": "short circuit on dirty",
    "file": "/home/azureuser/zodlil/vendor/zod/packages/zod/src/v4/classic/tests/transform.test.ts"
  },
  {
    "name": "async short circuit on dirty",
    "file": "/home/azureuser/zodlil/vendor/zod/packages/zod/src/v4/classic/tests/transform.test.ts"
  },
  {
    "name": "do not continue by default",
    "file": "/home/azureuser/zodlil/vendor/zod/packages/zod/src/v4/classic/tests/transform.test.ts"
  },
  {
    "name": "encode error",
    "file": "/home/azureuser/zodlil/vendor/zod/packages/zod/src/v4/classic/tests/transform.test.ts"
  },
  {
    "name": "transform context should have addIssue",
    "file": "/home/azureuser/zodlil/vendor/zod/packages/zod/src/v4/classic/tests/transform.test.ts"
  },
  {
    "name": "successful validation",
    "file": "/home/azureuser/zodlil/vendor/zod/packages/zod/src/v4/classic/tests/tuple.test.ts"
  },
  {
    "name": "async validation",
    "file": "/home/azureuser/zodlil/vendor/zod/packages/zod/src/v4/classic/tests/tuple.test.ts"
  },
  {
    "name": "tuple with optional elements",
    "file": "/home/azureuser/zodlil/vendor/zod/packages/zod/src/v4/classic/tests/tuple.test.ts"
  },
  {
    "name": "tuple with optional elements followed by required",
    "file": "/home/azureuser/zodlil/vendor/zod/packages/zod/src/v4/classic/tests/tuple.test.ts"
  },
  {
    "name": "tuple with all optional elements",
    "file": "/home/azureuser/zodlil/vendor/zod/packages/zod/src/v4/classic/tests/tuple.test.ts"
  },
  {
    "name": "tuple fills defaults for missing trailing elements",
    "file": "/home/azureuser/zodlil/vendor/zod/packages/zod/src/v4/classic/tests/tuple.test.ts"
  },
  {
    "name": "tuple fills defaults under async parse",
    "file": "/home/azureuser/zodlil/vendor/zod/packages/zod/src/v4/classic/tests/tuple.test.ts"
  },
  {
    "name": "tuple keeps length-1 array for missing `.optional()` elements",
    "file": "/home/azureuser/zodlil/vendor/zod/packages/zod/src/v4/classic/tests/tuple.test.ts"
  },
  {
    "name": "tuple result is dense when optional precedes a default",
    "file": "/home/azureuser/zodlil/vendor/zod/packages/zod/src/v4/classic/tests/tuple.test.ts"
  },
  {
    "name": "tuple truncates absent optional rejections only when the output tail is optional",
    "file": "/home/azureuser/zodlil/vendor/zod/packages/zod/src/v4/classic/tests/tuple.test.ts"
  },
  {
    "name": "tuple rejects absent optional before required output under async parse",
    "file": "/home/azureuser/zodlil/vendor/zod/packages/zod/src/v4/classic/tests/tuple.test.ts"
  },
  {
    "name": "tuple rejects absent exact optional before defaulted output",
    "file": "/home/azureuser/zodlil/vendor/zod/packages/zod/src/v4/classic/tests/tuple.test.ts"
  },
  {
    "name": "tuple preserves explicit undefined inside input even for optional-out schemas",
    "file": "/home/azureuser/zodlil/vendor/zod/packages/zod/src/v4/classic/tests/tuple.test.ts"
  },
  {
    "name": "tuple does NOT break when a required slot fails past input length",
    "file": "/home/azureuser/zodlil/vendor/zod/packages/zod/src/v4/classic/tests/tuple.test.ts"
  },
  {
    "name": "tuple with rest schema",
    "file": "/home/azureuser/zodlil/vendor/zod/packages/zod/src/v4/classic/tests/tuple.test.ts"
  },
  {
    "name": "sparse array input",
    "file": "/home/azureuser/zodlil/vendor/zod/packages/zod/src/v4/classic/tests/tuple.test.ts"
  },
  {
    "name": "under-length tuple emits a single too_small with optStart minimum",
    "file": "/home/azureuser/zodlil/vendor/zod/packages/zod/src/v4/classic/tests/tuple.test.ts"
  },
  {
    "name": "too_big tuple still surfaces element-wise type errors for present indices",
    "file": "/home/azureuser/zodlil/vendor/zod/packages/zod/src/v4/classic/tests/tuple.test.ts"
  },
  {
    "name": "function parsing",
    "file": "/home/azureuser/zodlil/vendor/zod/packages/zod/src/v4/classic/tests/union.test.ts"
  },
  {
    "name": "union 2",
    "file": "/home/azureuser/zodlil/vendor/zod/packages/zod/src/v4/classic/tests/union.test.ts"
  },
  {
    "name": "return valid over invalid",
    "file": "/home/azureuser/zodlil/vendor/zod/packages/zod/src/v4/classic/tests/union.test.ts"
  },
  {
    "name": "return errors from both union arms",
    "file": "/home/azureuser/zodlil/vendor/zod/packages/zod/src/v4/classic/tests/union.test.ts"
  },
  {
    "name": "options getter",
    "file": "/home/azureuser/zodlil/vendor/zod/packages/zod/src/v4/classic/tests/union.test.ts"
  },
  {
    "name": "readonly union",
    "file": "/home/azureuser/zodlil/vendor/zod/packages/zod/src/v4/classic/tests/union.test.ts"
  },
  {
    "name": "union inferred types",
    "file": "/home/azureuser/zodlil/vendor/zod/packages/zod/src/v4/classic/tests/union.test.ts"
  },
  {
    "name": "union values",
    "file": "/home/azureuser/zodlil/vendor/zod/packages/zod/src/v4/classic/tests/union.test.ts"
  },
  {
    "name": "non-aborted errors",
    "file": "/home/azureuser/zodlil/vendor/zod/packages/zod/src/v4/classic/tests/union.test.ts"
  },
  {
    "name": "surface continuable errors only if they exist",
    "file": "/home/azureuser/zodlil/vendor/zod/packages/zod/src/v4/classic/tests/union.test.ts"
  },
  {
    "name": "z.xor() - exactly one match succeeds",
    "file": "/home/azureuser/zodlil/vendor/zod/packages/zod/src/v4/classic/tests/union.test.ts"
  },
  {
    "name": "z.xor() - zero matches fails",
    "file": "/home/azureuser/zodlil/vendor/zod/packages/zod/src/v4/classic/tests/union.test.ts"
  },
  {
    "name": "z.xor() - multiple matches fails",
    "file": "/home/azureuser/zodlil/vendor/zod/packages/zod/src/v4/classic/tests/union.test.ts"
  },
  {
    "name": "z.xor() - multiple matches reports every matching option",
    "file": "/home/azureuser/zodlil/vendor/zod/packages/zod/src/v4/classic/tests/union.test.ts"
  },
  {
    "name": "z.xor() - zero matches keeps the per-option errors",
    "file": "/home/azureuser/zodlil/vendor/zod/packages/zod/src/v4/classic/tests/union.test.ts"
  },
  {
    "name": "z.xor() with custom error message",
    "file": "/home/azureuser/zodlil/vendor/zod/packages/zod/src/v4/classic/tests/union.test.ts"
  },
  {
    "name": "z.xor() type inference",
    "file": "/home/azureuser/zodlil/vendor/zod/packages/zod/src/v4/classic/tests/union.test.ts"
  },
  {
    "name": "z.union([]) constructs and rejects all input",
    "file": "/home/azureuser/zodlil/vendor/zod/packages/zod/src/v4/classic/tests/union.test.ts"
  },
  {
    "name": "z.xor([]) constructs and rejects all input",
    "file": "/home/azureuser/zodlil/vendor/zod/packages/zod/src/v4/classic/tests/union.test.ts"
  },
  {
    "name": "z.discriminatedUnion with empty options constructs and rejects",
    "file": "/home/azureuser/zodlil/vendor/zod/packages/zod/src/v4/classic/tests/union.test.ts"
  },
  {
    "name": "type inference",
    "file": "/home/azureuser/zodlil/vendor/zod/packages/zod/src/v4/classic/tests/url.test.ts"
  },
  {
    "name": "url regex",
    "file": "/home/azureuser/zodlil/vendor/zod/packages/zod/src/v4/classic/tests/url.test.ts"
  },
  {
    "name": "string length",
    "file": "/home/azureuser/zodlil/vendor/zod/packages/zod/src/v4/classic/tests/validations.test.ts"
  },
  {
    "name": "string min/max",
    "file": "/home/azureuser/zodlil/vendor/zod/packages/zod/src/v4/classic/tests/validations.test.ts"
  },
  {
    "name": "string max",
    "file": "/home/azureuser/zodlil/vendor/zod/packages/zod/src/v4/classic/tests/validations.test.ts"
  },
  {
    "name": "number min",
    "file": "/home/azureuser/zodlil/vendor/zod/packages/zod/src/v4/classic/tests/validations.test.ts"
  },
  {
    "name": "number gte",
    "file": "/home/azureuser/zodlil/vendor/zod/packages/zod/src/v4/classic/tests/validations.test.ts"
  },
  {
    "name": "number gt",
    "file": "/home/azureuser/zodlil/vendor/zod/packages/zod/src/v4/classic/tests/validations.test.ts"
  },
  {
    "name": "number max",
    "file": "/home/azureuser/zodlil/vendor/zod/packages/zod/src/v4/classic/tests/validations.test.ts"
  },
  {
    "name": "number lte",
    "file": "/home/azureuser/zodlil/vendor/zod/packages/zod/src/v4/classic/tests/validations.test.ts"
  },
  {
    "name": "number lt",
    "file": "/home/azureuser/zodlil/vendor/zod/packages/zod/src/v4/classic/tests/validations.test.ts"
  },
  {
    "name": "number nonnegative",
    "file": "/home/azureuser/zodlil/vendor/zod/packages/zod/src/v4/classic/tests/validations.test.ts"
  },
  {
    "name": "number nonpositive",
    "file": "/home/azureuser/zodlil/vendor/zod/packages/zod/src/v4/classic/tests/validations.test.ts"
  },
  {
    "name": "number negative",
    "file": "/home/azureuser/zodlil/vendor/zod/packages/zod/src/v4/classic/tests/validations.test.ts"
  },
  {
    "name": "number positive",
    "file": "/home/azureuser/zodlil/vendor/zod/packages/zod/src/v4/classic/tests/validations.test.ts"
  },
  {
    "name": "void",
    "file": "/home/azureuser/zodlil/vendor/zod/packages/zod/src/v4/classic/tests/void.test.ts"
  }
]
