1
-0.3333333333333333
2
-0.6666666666666666
4
-1.3333333333333333
8
-2.6666666666666665
16
-5.333333333333333
32
-10.666666666666666
64
-21.333333333333332
128
-42.666666666666664
256
-85.33333333333333
512
-170.66666666666666
1024
-341.3333333333333
2048
-682.6666666666666
4096
-1365.3333333333333
8192
-2730.6666666666665
16384
-5461.333333333333
32768
-10922.666666666666
65536
-21845.333333333332
131072
-43690.666666666664
262144
-87381.33333333333
524288
-174762.66666666666
1048576
-349525.3333333333
2097152
-699050.6666666666
4194304
-1398101.3333333333
8388608
-2796202.6666666665
16777216
-5592405.333333333
33554432
-11184810.666666666
67108864
-22369621.333333332
134217728
-44739242.666666664
268435456
-89478485.33333333
536870912
-178956970.66666666
1073741824
-357913941.3333333
2147483648
-715827882.6666666
4294967296
-1431655765.3333333
8589934592
-2863311530.6666665
17179869184
-5726623061.333333
34359738368
-11453246122.666666
68719476736
-22906492245.333332
137438953472
-45812984490.666664
274877906944
-91625968981.33333
549755813888
-183251937962.66666
1099511627776
-366503875925.3333
2199023255552
-733007751850.6666
4398046511104
-1466015503701.3333
8796093022208
-2932031007402.6665
17592186044416
-5864062014805.333
35184372088832
-11728124029610.666
70368744177664
-23456248059221.332
140737488355328
-46912496118442.664
281474976710656
-93824992236885.33
562949953421312
-187649984473770.66
1125899906842624
-375299968947541.3
2251799813685248
-750599937895082.6
4503599627370496
-1501199875790165.2
9007199254740992
-3002399751580330.5
18014398509481984
-6004799503160661
36028797018963970
-12009599006321322
72057594037927940
-24019198012642644
144115188075855870
-48038396025285290
288230376151711740
-96076792050570580
576460752303423500
-192153584101141150
1152921504606847000
-384307168202282300
2305843009213694000
-768614336404564600
4611686018427388000
-1537228672809129200
9223372036854776000
-3074457345618258400
18446744073709552000
-6148914691236517000
36893488147419103000
-12297829382473034000
73786976294838210000
-24595658764946067000
147573952589676410000
-49191317529892135000
295147905179352830000
-98382635059784270000
590295810358705700000
-196765270119568540000
1.1805916207174113e+21
-393530540239137100000
2.3611832414348226e+21
-787061080478274200000
4.722366482869645e+21
-1.5741221609565483e+21
9.44473296573929e+21
-3.1482443219130966e+21
1.888946593147858e+22
-6.296488643826193e+21
3.777893186295716e+22
-1.2592977287652387e+22
7.555786372591432e+22
-2.5185954575304773e+22
1.5111572745182865e+23
-5.037190915060955e+22
3.022314549036573e+23
-1.007438183012191e+23
6.044629098073146e+23
-2.014876366024382e+23
1.2089258196146292e+24
-4.029752732048764e+23
2.4178516392292583e+24
-8.059505464097527e+23
4.835703278458517e+24
-1.6119010928195055e+24
9.671406556917033e+24
-3.223802185639011e+24
1.9342813113834067e+25
-6.447604371278022e+24
3.8685626227668134e+25
-1.2895208742556044e+25
7.737125245533627e+25
-2.5790417485112088e+25
1.5474250491067253e+26
-5.1580834970224175e+25
3.094850098213451e+26
-1.0316166994044835e+26
6.189700196426902e+26
-2.063233398808967e+26
1.2379400392853803e+27
-4.126466797617934e+26
2.4758800785707605e+27
-8.252933595235868e+26
4.951760157141521e+27
-1.6505867190471736e+27
9.903520314283042e+27
-3.301173438094347e+27
1.9807040628566084e+28
-6.602346876188694e+27
3.961408125713217e+28
-1.3204693752377389e+28
7.922816251426434e+28
-2.6409387504754778e+28
1.5845632502852868e+29
-5.2818775009509555e+28
3.1691265005705735e+29
-1.0563755001901911e+29
6.338253001141147e+29
-2.1127510003803822e+29
1.2676506002282294e+30
-4.2255020007607644e+29
2.535301200456459e+30
-8.451004001521529e+29
5.070602400912918e+30
-1.6902008003043058e+30
1.0141204801825835e+31
-3.3804016006086115e+30
2.028240960365167e+31
-6.760803201217223e+30
4.056481920730334e+31
-1.3521606402434446e+31
8.112963841460668e+31
-2.7043212804868892e+31
1.6225927682921336e+32
-5.4086425609737785e+31
3.2451855365842673e+32
-1.0817285121947557e+32
6.490371073168535e+32
-2.1634570243895114e+32
1.298074214633707e+33
-4.326914048779023e+32
2.596148429267414e+33
-8.653828097558046e+32
5.192296858534828e+33
-1.730765619511609e+33
1.0384593717069655e+34
-3.461531239023218e+33
2.076918743413931e+34
-6.923062478046436e+33
4.153837486827862e+34
-1.3846124956092873e+34
8.307674973655724e+34
-2.7692249912185746e+34
1.661534994731145e+35
-5.538449982437149e+34
3.32306998946229e+35
-1.1076899964874298e+35
6.64613997892458e+35
-2.2153799929748597e+35
1.329227995784916e+36
-4.430759985949719e+35
2.658455991569832e+36
-8.861519971899439e+35
5.316911983139664e+36
-1.7723039943798877e+36
1.0633823966279327e+37
-3.5446079887597755e+36
2.1267647932558654e+37
-7.089215977519551e+36
4.253529586511731e+37
-1.4178431955039102e+37
8.507059173023462e+37
-2.8356863910078204e+37
1.7014118346046923e+38
-5.671372782015641e+37
3.402823669209385e+38
-1.1342745564031281e+38
6.80564733841877e+38
-2.2685491128062563e+38
1.361129467683754e+39
-4.5370982256125126e+38
2.722258935367508e+39
-9.074196451225025e+38
5.444517870735016e+39
-1.814839290245005e+39
1.0889035741470031e+40
-3.62967858049001e+39
2.1778071482940062e+40
-7.25935716098002e+39
4.3556142965880123e+40
-1.451871432196004e+40
8.711228593176025e+40
-2.903742864392008e+40
1.742245718635205e+41
-5.807485728784016e+40
3.48449143727041e+41
-1.1614971457568032e+41
6.96898287454082e+41
-2.3229942915136064e+41
1.393796574908164e+42
-4.645988583027213e+41
2.787593149816328e+42
-9.291977166054426e+41
5.575186299632656e+42
-1.8583954332108852e+42
1.1150372599265312e+43
-3.7167908664217703e+42
2.2300745198530623e+43
-7.433581732843541e+42
4.460149039706125e+43
-1.4867163465687081e+43
8.92029807941225e+43
-2.9734326931374163e+43
1.78405961588245e+44
-5.946865386274833e+43
3.5681192317649e+44
-1.1893730772549665e+44
7.1362384635298e+44
-2.378746154509933e+44
1.42724769270596e+45
-4.757492309019866e+44
2.85449538541192e+45
-9.514984618039732e+44
5.70899077082384e+45
-1.9029969236079464e+45
1.141798154164768e+46
-3.805993847215893e+45
2.283596308329536e+46
-7.611987694431786e+45
4.567192616659072e+46
-1.522397538886357e+46
9.134385233318143e+46
-3.044795077772714e+46
1.8268770466636286e+47
-6.089590155545428e+46
3.6537540933272573e+47
-1.2179180311090857e+47
7.307508186654515e+47
-2.4358360622181714e+47
1.461501637330903e+48
-4.871672124436343e+47
2.923003274661806e+48
-9.743344248872686e+47
5.846006549323612e+48
-1.948668849774537e+48
1.1692013098647223e+49
-3.897337699549074e+48
2.3384026197294447e+49
-7.794675399098148e+48
4.6768052394588893e+49
-1.5589350798196297e+49
9.353610478917779e+49
-3.1178701596392594e+49
1.8707220957835557e+50
-6.235740319278519e+49
3.7414441915671115e+50
-1.2471480638557038e+50
7.482888383134223e+50
-2.4942961277114075e+50
1.4965776766268446e+51
-4.988592255422815e+50
2.9931553532536892e+51
-9.97718451084563e+50
5.986310706507379e+51
-1.995436902169126e+51
1.1972621413014757e+52
-3.990873804338252e+51
2.3945242826029513e+52
-7.981747608676504e+51
4.789048565205903e+52
-1.5963495217353008e+52
9.578097130411805e+52
-3.1926990434706016e+52
1.915619426082361e+53
-6.385398086941203e+52
3.831238852164722e+53
-1.2770796173882406e+53
7.662477704329444e+53
-2.5541592347764813e+53
1.532495540865889e+54
-5.108318469552963e+53
3.064991081731778e+54
-1.0216636939105925e+54
6.129982163463556e+54
-2.043327387821185e+54
1.2259964326927111e+55
-4.08665477564237e+54
2.4519928653854222e+55
-8.17330955128474e+54
4.9039857307708443e+55
-1.634661910256948e+55
9.807971461541689e+55
-3.269323820513896e+55
1.9615942923083377e+56
-6.538647641027792e+55
3.9231885846166755e+56
-1.3077295282055584e+56
7.846377169233351e+56
-2.615459056411117e+56
1.5692754338466702e+57
-5.230918112822234e+56
3.1385508676933404e+57
-1.0461836225644467e+57
6.277101735386681e+57
-2.0923672451288935e+57
1.2554203470773362e+58
-4.184734490257787e+57
2.5108406941546723e+58
-8.369468980515574e+57
5.021681388309345e+58
-1.6738937961031148e+58
1.004336277661869e+59
-3.3477875922062296e+58
2.008672555323738e+59
-6.695575184412459e+58
4.017345110647476e+59
-1.3391150368824918e+59
8.034690221294951e+59
-2.6782300737649836e+59
1.6069380442589903e+60
-5.356460147529967e+59
3.2138760885179806e+60
-1.0712920295059935e+60
6.427752177035961e+60
-2.142584059011987e+60
1.2855504354071922e+61
-4.285168118023974e+60
2.5711008708143844e+61
-8.570336236047948e+60
5.142201741628769e+61
-1.7140672472095895e+61
1.0284403483257538e+62
-3.428134494419179e+61
2.0568806966515076e+62
-6.856268988838358e+61
4.113761393303015e+62
-1.3712537977676716e+62
8.22752278660603e+62
-2.7425075955353433e+62
1.645504557321206e+63
-5.4850151910706865e+62
3.291009114642412e+63
-1.0970030382141373e+63
6.582018229284824e+63
-2.1940060764282746e+63
1.3164036458569648e+64
-4.388012152856549e+63
2.6328072917139297e+64
-8.776024305713098e+63
5.2656145834278593e+64
-1.7552048611426197e+64
1.0531229166855719e+65
-3.5104097222852394e+64
2.1062458333711437e+65
-7.020819444570479e+64
4.2124916667422875e+65
-1.4041638889140957e+65
8.424983333484575e+65
-2.8083277778281915e+65
1.684996666696915e+66
-5.616655555656383e+65
3.36999333339383e+66
-1.1233311111312766e+66
6.73998666678766e+66
-2.2466622222625532e+66
1.347997333357532e+67
-4.4933244445251064e+66
2.695994666715064e+67
-8.986648889050213e+66
5.391989333430128e+67
-1.7973297778100426e+67
1.0783978666860256e+68
-3.594659555620085e+67
2.1567957333720512e+68
-7.18931911124017e+67
4.3135914667441024e+68
-1.437863822248034e+68
8.627182933488205e+68
-2.875727644496068e+68
1.725436586697641e+69
-5.751455288992136e+68
3.450873173395282e+69
-1.1502910577984272e+69
6.901746346790564e+69
-2.3005821155968545e+69
1.3803492693581128e+70
-4.601164231193709e+69
2.7606985387162255e+70
-9.202328462387418e+69
5.521397077432451e+70
-1.8404656924774836e+70
1.1042794154864902e+71
-3.680931384954967e+70
2.2085588309729804e+71
-7.361862769909934e+70
4.417117661945961e+71
-1.4723725539819869e+71
8.834235323891922e+71
-2.9447451079639737e+71
1.7668470647783843e+72
-5.889490215927947e+71
3.533694129556769e+72
-1.1778980431855895e+72
7.067388259113537e+72
-2.355796086371179e+72
1.4134776518227075e+73
-4.711592172742358e+72
2.826955303645415e+73
-9.423184345484716e+72
5.65391060729083e+73
-1.8846368690969432e+73
1.130782121458166e+74
-3.7692737381938864e+73
2.261564242916332e+74
-7.538547476387773e+73
4.523128485832664e+74
-1.5077094952775545e+74
9.046256971665328e+74
-3.015418990555109e+74
1.8092513943330656e+75
-6.030837981110218e+74
3.618502788666131e+75
-1.2061675962220436e+75
7.237005577332262e+75
-2.4123351924440873e+75
1.4474011154664524e+76
-4.8246703848881745e+75
2.894802230932905e+76
-9.649340769776349e+75
5.78960446186581e+76
-1.9298681539552698e+76
1.157920892373162e+77
-3.8597363079105396e+76
2.315841784746324e+77
-7.719472615821079e+76
4.631683569492648e+77
-1.5438945231642159e+77
9.263367138985296e+77
-3.0877890463284317e+77
1.8526734277970591e+78
-6.175578092656863e+77
3.7053468555941183e+78
-1.2351156185313727e+78
7.410693711188237e+78
-2.4702312370627454e+78
1.4821387422376473e+79
-4.940462474125491e+78
2.9642774844752946e+79
-9.880924948250981e+78
5.928554968950589e+79
-1.9761849896501963e+79
1.1857109937901178e+80
-3.9523699793003926e+79
2.3714219875802357e+80
-7.904739958600785e+79
4.7428439751604714e+80
-1.580947991720157e+80
9.485687950320943e+80
-3.161895983440314e+80
1.8971375900641885e+81
-6.323791966880628e+80
3.794275180128377e+81
-1.2647583933761256e+81
7.588550360256754e+81
-2.5295167867522513e+81
1.517710072051351e+82
-5.0590335735045025e+81
3.035420144102702e+82
-1.0118067147009005e+82
6.070840288205404e+82
-2.023613429401801e+82
1.2141680576410807e+83
-4.047226858803602e+82
2.4283361152821613e+83
-8.094453717607204e+82
4.856672230564323e+83
-1.6188907435214408e+83
9.713344461128645e+83
-3.2377814870428816e+83
1.942668892225729e+84
-6.475562974085763e+83
3.885337784451458e+84
-1.2951125948171526e+84
7.770675568902916e+84
-2.5902251896343053e+84
1.5541351137805833e+85
-5.1804503792686106e+84
3.1082702275611665e+85
-1.0360900758537221e+85
6.216540455122333e+85
-2.0721801517074442e+85
1.2433080910244666e+86
-4.1443603034148885e+85
2.4866161820489332e+86
-8.288720606829777e+85
4.9732323640978664e+86
-1.6577441213659554e+86
9.946464728195733e+86
-3.315488242731911e+86
1.9892929456391466e+87
-6.630976485463822e+86
3.978585891278293e+87
-1.3261952970927643e+87
7.957171782556586e+87
-2.6523905941855286e+87
1.5914343565113173e+88
-5.304781188371057e+87
3.1828687130226345e+88
-1.0609562376742114e+88
6.365737426045269e+88
-2.121912475348423e+88
1.2731474852090538e+89
-4.243824950696846e+88
2.5462949704181076e+89
-8.487649901393692e+88
5.092589940836215e+89
-1.6975299802787383e+89
1.018517988167243e+90
-3.3950599605574766e+89
2.037035976334486e+90
-6.790119921114953e+89
4.074071952668972e+90
-1.3580239842229906e+90
8.148143905337944e+90
-2.7160479684459813e+90
1.629628781067589e+91
-5.432095936891963e+90
3.259257562135178e+91
-1.0864191873783925e+91
6.518515124270356e+91
-2.172838374756785e+91
1.3037030248540711e+92
-4.34567674951357e+91
2.6074060497081422e+92
-8.69135349902714e+91
5.2148120994162844e+92
-1.738270699805428e+92
1.0429624198832569e+93
-3.476541399610856e+92
2.0859248397665138e+93
-6.953082799221712e+92
4.1718496795330275e+93
-1.3906165598443424e+93
8.343699359066055e+93
-2.781233119688685e+93
1.668739871813211e+94
-5.56246623937737e+93
3.337479743626422e+94
-1.112493247875474e+94
6.674959487252844e+94
-2.224986495750948e+94
1.3349918974505688e+95
-4.449972991501896e+94
2.6699837949011376e+95
-8.899945983003792e+94
5.339967589802275e+95
-1.7799891966007583e+95
1.067993517960455e+96
-3.5599783932015166e+95
2.13598703592091e+96
-7.119956786403033e+95
4.27197407184182e+96
-1.4239913572806066e+96
8.54394814368364e+96
-2.8479827145612133e+96
1.708789628736728e+97
-5.695965429122427e+96
3.417579257473456e+97
-1.1391930858244853e+97
6.835158514946912e+97
-2.2783861716489706e+97
1.3670317029893825e+98
-4.556772343297941e+97
2.734063405978765e+98
-9.113544686595883e+97
5.46812681195753e+98
-1.8227089373191765e+98
1.093625362391506e+99
-3.645417874638353e+98
2.187250724783012e+99
-7.290835749276706e+98
4.374501449566024e+99
-1.4581671498553412e+99
8.749002899132048e+99
-2.9163342997106824e+99
1.7498005798264095e+100
-5.832668599421365e+99
3.499601159652819e+100
-1.166533719884273e+100
6.999202319305638e+100
-2.333067439768546e+100
1.3998404638611276e+101
-4.666134879537092e+100
2.7996809277222553e+101
-9.332269759074184e+100
5.599361855444511e+101
-1.8664539518148367e+101
1.1198723710889021e+102
-3.7329079036296735e+101
2.2397447421778042e+102
-7.465815807259347e+101
4.4794894843556084e+102
-1.4931631614518694e+102
8.958978968711217e+102
-2.986326322903739e+102
1.7917957937422434e+103
-5.972652645807478e+102
3.583591587484487e+103
-1.1945305291614955e+103
7.167183174968974e+103
-2.389061058322991e+103
1.4334366349937947e+104
-4.778122116645982e+103
2.8668732699875894e+104
-9.556244233291964e+103
5.733746539975179e+104
-1.9112488466583928e+104
1.1467493079950358e+105
-3.8224976933167856e+104
2.2934986159900715e+105
-7.644995386633571e+104
4.586997231980143e+105
-1.5289990773267143e+105
9.173994463960286e+105
-3.0579981546534285e+105
1.8347988927920572e+106
-6.115996309306857e+105
3.6695977855841144e+106
-1.2231992618613714e+106
7.339195571168229e+106
-2.446398523722743e+106
1.4678391142336458e+107
-4.892797047445486e+106
2.9356782284672915e+107
-9.785594094890971e+106
5.871356456934583e+107
-1.9571188189781942e+107
1.1742712913869166e+108
-3.9142376379563885e+107
2.3485425827738332e+108
-7.828475275912777e+107
4.6970851655476665e+108
-1.5656950551825554e+108
9.394170331095333e+108
-3.131390110365111e+108
1.8788340662190666e+109
-6.262780220730222e+108
3.757668132438133e+109
-1.2525560441460443e+109
7.515336264876266e+109
-2.5051120882920886e+109
1.5030672529752533e+110
-5.010224176584177e+109
3.0061345059505065e+110
-1.0020448353168355e+110
6.012269011901013e+110
-2.004089670633671e+110
1.2024538023802026e+111
-4.008179341267342e+110
2.4049076047604052e+111
-8.016358682534684e+110
4.8098152095208105e+111
-1.6032717365069367e+111
9.619630419041621e+111
-3.2065434730138735e+111
1.9239260838083242e+112
-6.413086946027747e+111
3.8478521676166484e+112
-1.2826173892055494e+112
7.695704335233297e+112
-2.5652347784110988e+112
1.5391408670466593e+113
-5.1304695568221975e+112
3.078281734093319e+113
-1.0260939113644395e+113
6.156563468186638e+113
-2.052187822728879e+113
1.2313126936373275e+114
-4.104375645457758e+113
2.462625387274655e+114
-8.208751290915516e+113
4.92525077454931e+114
-1.6417502581831032e+114
9.85050154909862e+114
-3.2835005163662064e+114
1.970100309819724e+115
-6.567001032732413e+114
3.940200619639448e+115
-1.3134002065464826e+115
7.880401239278896e+115
-2.626800413092965e+115
1.5760802478557792e+116
-5.25360082618593e+115
3.1521604957115583e+116
-1.050720165237186e+116
6.304320991423117e+116
-2.101440330474372e+116
1.2608641982846233e+117
-4.202880660948744e+116
2.5217283965692467e+117
-8.405761321897488e+116
5.0434567931384933e+117
-1.6811522643794977e+117
1.0086913586276987e+118
-3.3623045287589954e+117
2.0173827172553973e+118
-6.724609057517991e+117
4.034765434510795e+118
-1.3449218115035981e+118
8.06953086902159e+118
-2.6898436230071963e+118
1.613906173804318e+119
-5.379687246014393e+118
3.227812347608636e+119
-1.0759374492028785e+119
6.455624695217272e+119
-2.151874898405757e+119
1.2911249390434543e+120
-4.303749796811514e+119
2.5822498780869086e+120
-8.607499593623028e+119
5.164499756173817e+120
-1.7214999187246056e+120
1.0328999512347634e+121
-3.442999837449211e+120
2.065799902469527e+121
-6.885999674898423e+120
4.131599804939054e+121
-1.3771999349796845e+121
8.263199609878108e+121
-2.754399869959369e+121
1.6526399219756215e+122
-5.508799739918738e+121
3.305279843951243e+122
-1.1017599479837476e+122
6.610559687902486e+122
-2.2035198959674952e+122
1.3221119375804972e+123
-4.4070397919349904e+122
2.6442238751609944e+123
-8.814079583869981e+122
5.288447750321989e+123
-1.7628159167739962e+123
1.0576895500643978e+124
-3.5256318335479923e+123
2.1153791001287955e+124
-7.051263667095985e+123
4.230758200257591e+124
-1.410252733419197e+124
8.461516400515182e+124
-2.820505466838394e+124
1.6923032801030364e+125
-5.641010933676788e+124
3.384606560206073e+125
-1.1282021867353575e+125
6.769213120412146e+125
-2.256404373470715e+125
1.3538426240824291e+126
-4.51280874694143e+125
2.7076852481648583e+126
-9.02561749388286e+125
5.415370496329717e+126
-1.805123498776572e+126
1.0830740992659433e+127
-3.610246997553144e+126
2.1661481985318866e+127
-7.220493995106288e+126
4.332296397063773e+127
-1.4440987990212577e+127
8.664592794127546e+127
-2.8881975980425153e+127
1.7329185588255093e+128
-5.776395196085031e+127
3.4658371176510186e+128
-1.1552790392170061e+128
6.931674235302037e+128
-2.3105580784340123e+128
1.3863348470604074e+129
-4.6211161568680245e+128
2.772669694120815e+129
-9.242232313736049e+128
5.54533938824163e+129
-1.8484464627472098e+129
1.109067877648326e+130
-3.6968929254944196e+129
2.218135755296652e+130
-7.393785850988839e+129
4.436271510593304e+130
-1.4787571701977678e+130
8.872543021186608e+130
-2.9575143403955357e+130
1.7745086042373215e+131
-5.915028680791071e+130
3.549017208474643e+131
-1.1830057361582143e+131
7.098034416949286e+131
-2.3660114723164285e+131
1.4196068833898572e+132
-4.732022944632857e+131
2.8392137667797144e+132
-9.464045889265714e+131
5.678427533559429e+132
-1.8928091778531428e+132
1.1356855067118858e+133
-3.7856183557062857e+132
2.2713710134237715e+133
-7.571236711412571e+132
4.542742026847543e+133
-1.5142473422825143e+133
9.085484053695086e+133
-3.0284946845650285e+133
1.8170968107390172e+134
-6.056989369130057e+133
3.6341936214780345e+134
-1.2113978738260114e+134
7.268387242956069e+134
-2.422795747652023e+134
1.4536774485912138e+135
-4.845591495304046e+134
2.9073548971824276e+135
-9.691182990608091e+134
5.814709794364855e+135
-1.9382365981216183e+135
1.162941958872971e+136
-3.8764731962432365e+135
2.325883917745942e+136
-7.752946392486473e+135
4.651767835491884e+136
-1.5505892784972946e+136
9.303535670983768e+136
-3.101178556994589e+136
1.8607071341967536e+137
-6.202357113989178e+136
3.7214142683935073e+137
-1.2404714227978357e+137
7.442828536787015e+137
-2.4809428455956714e+137
1.488565707357403e+138
-4.961885691191343e+137
2.977131414714806e+138
-9.923771382382686e+137
5.954262829429612e+138
-1.984754276476537e+138
1.1908525658859223e+139
-3.969508552953074e+138
2.3817051317718447e+139
-7.939017105906148e+138
4.7634102635436893e+139
-1.5878034211812297e+139
9.526820527087379e+139
-3.1756068423624594e+139
1.9053641054174757e+140
-6.351213684724919e+139
3.8107282108349515e+140
-1.2702427369449837e+140
7.621456421669903e+140
-2.5404854738899675e+140
1.5242912843339806e+141
-5.080970947779935e+140
3.048582568667961e+141
-1.016194189555987e+141
6.097165137335922e+141
-2.032388379111974e+141
1.2194330274671845e+142
-4.064776758223948e+141
2.438866054934369e+142
-8.129553516447896e+141
4.877732109868738e+142
-1.6259107032895792e+142
9.755464219737476e+142
-3.2518214065791584e+142
1.9510928439474951e+143
-6.503642813158317e+142
3.9021856878949903e+143
-1.3007285626316634e+143
7.804371375789981e+143
-2.6014571252633267e+143
1.5608742751579961e+144
-5.202914250526653e+143
3.1217485503159922e+144
-1.0405828501053307e+144
6.243497100631985e+144
-2.0811657002106614e+144
1.248699420126397e+145
-4.162331400421323e+144
2.497398840252794e+145
-8.324662800842645e+144
4.994797680505588e+145
-1.664932560168529e+145
9.989595361011175e+145
-3.329865120337058e+145
1.997919072202235e+146
-6.659730240674116e+145
3.99583814440447e+146
-1.3319460481348233e+146
7.99167628880894e+146
-2.6638920962696466e+146
1.598335257761788e+147
-5.327784192539293e+146
3.196670515523576e+147
-1.0655568385078586e+147
6.393341031047152e+147
-2.1311136770157172e+147
1.2786682062094304e+148
-4.2622273540314345e+147
2.557336412418861e+148
-8.524454708062869e+147
5.114672824837722e+148
-1.7048909416125738e+148
1.0229345649675443e+149
-3.4097818832251476e+148
2.0458691299350887e+149
-6.819563766450295e+148
4.0917382598701773e+149
-1.363912753290059e+149
8.183476519740355e+149
-2.727825506580118e+149
1.636695303948071e+150
-5.455651013160236e+149
3.273390607896142e+150
-1.0911302026320472e+150
6.546781215792284e+150
-2.1822604052640945e+150
1.3093562431584567e+151
-4.364520810528189e+150
2.6187124863169135e+151
-8.729041621056378e+150
5.237424972633827e+151
-1.7458083242112756e+151
1.0474849945267654e+152
-3.491616648422551e+151
2.094969989053531e+152
-6.983233296845102e+151
4.189939978107062e+152
-1.3966466593690205e+152
8.379879956214123e+152
-2.793293318738041e+152
1.6759759912428246e+153
-5.586586637476082e+152
3.3519519824856493e+153
-1.1173173274952164e+153
6.703903964971299e+153
-2.2346346549904327e+153
1.3407807929942597e+154
-4.4692693099808655e+153
2.6815615859885194e+154
-8.938538619961731e+153
5.363123171977039e+154
-1.7877077239923462e+154
1.0726246343954078e+155
-3.5754154479846924e+154
2.1452492687908155e+155
-7.150830895969385e+154
4.290498537581631e+155
-1.430166179193877e+155
8.580997075163262e+155
-2.860332358387754e+155
1.7161994150326524e+156
-5.720664716775508e+155
3.432398830065305e+156
-1.1441329433551016e+156
6.86479766013061e+156
-2.288265886710203e+156
1.372959532026122e+157
-4.576531773420406e+156
2.745919064052244e+157
-9.153063546840812e+156
5.491838128104488e+157
-1.8306127093681625e+157
1.0983676256208976e+158
-3.661225418736325e+157
2.196735251241795e+158
-7.32245083747265e+157
4.39347050248359e+158
-1.46449016749453e+158
8.78694100496718e+158
-2.92898033498906e+158
1.757388200993436e+159
-5.85796066997812e+158
3.514776401986872e+159
-1.171592133995624e+159
7.029552803973744e+159
-2.343184267991248e+159
1.405910560794749e+160
-4.686368535982496e+159
2.811821121589498e+160
-9.372737071964992e+159
5.623642243178996e+160
-1.8745474143929984e+160
1.1247284486357991e+161
-3.749094828785997e+160
2.2494568972715982e+161
-7.498189657571994e+160
4.4989137945431964e+161
-1.4996379315143987e+161
8.997827589086393e+161
-2.9992758630287974e+161
1.7995655178172786e+162
-5.998551726057595e+161
3.599131035634557e+162
-1.199710345211519e+162
7.198262071269114e+162
-2.399420690423038e+162
1.439652414253823e+163
-4.798841380846076e+162
2.879304828507646e+163
-9.597682761692152e+162
5.758609657015292e+163
-1.9195365523384304e+163
1.1517219314030583e+164
-3.839073104676861e+163
2.3034438628061165e+164
-7.678146209353721e+163
4.606887725612233e+164
-1.5356292418707443e+164
9.213775451224466e+164
-3.0712584837414886e+164
1.8427550902448932e+165
-6.142516967482977e+164
3.6855101804897865e+165
-1.2285033934965954e+165
7.371020360979573e+165
-2.457006786993191e+165
1.4742040721959146e+166
-4.914013573986382e+165
2.9484081443918292e+166
-9.828027147972763e+165
5.896816288783659e+166
-1.9656054295945527e+166
1.1793632577567317e+167
-3.9312108591891054e+166
2.3587265155134633e+167
-7.862421718378211e+166
4.717453031026927e+167
-1.5724843436756421e+167
9.434906062053853e+167
-3.1449686873512843e+167
1.8869812124107707e+168
-6.289937374702569e+167
3.7739624248215414e+168
-1.2579874749405137e+168
7.547924849643083e+168
-2.5159749498810274e+168
1.5095849699286165e+169
-5.031949899762055e+168
3.019169939857233e+169
-1.006389979952411e+169
6.038339879714466e+169
-2.012779959904822e+169
1.2076679759428932e+170
-4.025559919809644e+169
2.4153359518857865e+170
-8.051119839619288e+169
4.830671903771573e+170
-1.6102239679238576e+170
9.661343807543146e+170
-3.220447935847715e+170
1.9322687615086292e+171
-6.44089587169543e+170
3.8645375230172583e+171
-1.288179174339086e+171
7.729075046034517e+171
-2.576358348678172e+171
1.5458150092069033e+172
-5.152716697356344e+171
3.091630018413807e+172
-1.0305433394712688e+172
6.183260036827614e+172
-2.0610866789425377e+172
1.2366520073655227e+173
-4.122173357885075e+172
2.4733040147310453e+173
-8.24434671577015e+172
4.946608029462091e+173
-1.64886934315403e+173
9.893216058924181e+173
-3.29773868630806e+173
1.9786432117848363e+174
-6.59547737261612e+173
3.9572864235696725e+174
-1.319095474523224e+174
7.914572847139345e+174
-2.638190949046448e+174
1.582914569427869e+175
-5.276381898092896e+174
3.165829138855738e+175
-1.0552763796185793e+175
6.331658277711476e+175
-2.1105527592371586e+175
1.2663316555422952e+176
-4.221105518474317e+175
2.5326633110845904e+176
-8.442211036948634e+175
5.065326622169181e+176
-1.6884422073897269e+176
1.0130653244338362e+177
-3.3768844147794537e+176
2.0261306488676723e+177
-6.753768829558907e+176
4.052261297735345e+177
-1.3507537659117815e+177
8.10452259547069e+177
-2.701507531823563e+177
1.620904519094138e+178
-5.403015063647126e+177
3.241809038188276e+178
-1.0806030127294252e+178
6.483618076376552e+178
-2.1612060254588504e+178
1.2967236152753103e+179
-4.322412050917701e+178
2.5934472305506206e+179
-8.644824101835402e+178
5.186894461101241e+179
-1.7289648203670803e+179
1.0373788922202482e+180
-3.4579296407341606e+179
2.0747577844404965e+180
-6.915859281468321e+179
4.149515568880993e+180
-1.3831718562936642e+180
8.299031137761986e+180
-2.7663437125873285e+180
1.6598062275523972e+181
-5.532687425174657e+180
3.3196124551047944e+181
-1.1065374850349314e+181
6.639224910209589e+181
-2.2130749700698628e+181
1.3278449820419177e+182
-4.4261499401397256e+181
2.6556899640838355e+182
-8.852299880279451e+181
5.311379928167671e+182
-1.7704599760558902e+182
1.0622759856335342e+183
-3.5409199521117805e+182
2.1245519712670684e+183
-7.081839904223561e+182
4.249103942534137e+183
-1.4163679808447122e+183
8.498207885068274e+183
-2.8327359616894244e+183
1.6996415770136547e+184
-5.665471923378849e+183
3.3992831540273094e+184
-1.1330943846757697e+184
6.798566308054619e+184
-2.2661887693515395e+184
1.3597132616109238e+185
-4.532377538703079e+184
2.7194265232218475e+185
-9.064755077406158e+184
5.438853046443695e+185
-1.8129510154812316e+185
1.087770609288739e+186
-3.625902030962463e+185
2.175541218577478e+186
-7.251804061924926e+185
4.351082437154956e+186
-1.4503608123849853e+186
8.702164874309912e+186
-2.9007216247699706e+186
1.7404329748619824e+187
-5.801443249539941e+186
3.480865949723965e+187
-1.1602886499079882e+187
6.96173189944793e+187
-2.3205772998159764e+187
1.392346379889586e+188
-4.641154599631953e+187
2.784692759779172e+188
-9.282309199263906e+187
5.569385519558344e+188
-1.856461839852781e+188
1.1138771039116688e+189
-3.712923679705562e+188
2.2277542078233375e+189
-7.425847359411125e+188
4.455508415646675e+189
-1.485169471882225e+189
8.91101683129335e+189
-2.97033894376445e+189
1.78220336625867e+190
-5.9406778875289e+189
3.56440673251734e+190
-1.18813557750578e+190
7.12881346503468e+190
-2.37627115501156e+190
1.425762693006936e+191
-4.75254231002312e+190
2.851525386013872e+191
-9.50508462004624e+190
5.703050772027744e+191
-1.901016924009248e+191
1.1406101544055488e+192
-3.802033848018496e+191
2.2812203088110976e+192
-7.604067696036992e+191
4.562440617622195e+192
-1.5208135392073983e+192
9.12488123524439e+192
-3.0416270784147966e+192
1.824976247048878e+193
-6.083254156829593e+192
3.649952494097756e+193
-1.2166508313659187e+193
7.299904988195512e+193
-2.4333016627318373e+193
1.4599809976391025e+194
-4.866603325463675e+193
2.919961995278205e+194
-9.73320665092735e+193
5.83992399055641e+194
-1.94664133018547e+194
1.167984798111282e+195
-3.89328266037094e+194
2.335969596222564e+195
-7.78656532074188e+194
4.671939192445128e+195
-1.557313064148376e+195
9.343878384890256e+195
-3.114626128296752e+195
1.8687756769780512e+196
-6.229252256593504e+195
3.7375513539561023e+196
-1.2458504513187007e+196
7.475102707912205e+196
-2.4917009026374014e+196
1.495020541582441e+197
-4.983401805274803e+196
2.990041083164882e+197
-9.966803610549606e+196
5.980082166329764e+197
-1.993360722109921e+197
1.1960164332659527e+198
-3.986721444219842e+197
2.3920328665319055e+198
-7.973442888439685e+197
4.784065733063811e+198
-1.594688577687937e+198
9.568131466127622e+198
-3.189377155375874e+198
1.9136262932255244e+199
-6.378754310751748e+198
3.827252586451049e+199
-1.2757508621503495e+199
7.654505172902098e+199
-2.551501724300699e+199
1.5309010345804195e+200
-5.103003448601398e+199
3.061802069160839e+200
-1.0206006897202796e+200
6.123604138321678e+200
-2.0412013794405592e+200
1.2247208276643356e+201
-4.0824027588811185e+200
2.4494416553286712e+201
-8.164805517762237e+200
4.8988833106573424e+201
-1.6329611035524474e+201
9.797766621314685e+201
-3.265922207104895e+201
1.959553324262937e+202
-6.53184441420979e+201
3.919106648525874e+202
-1.306368882841958e+202
7.838213297051748e+202
-2.612737765683916e+202
1.5676426594103496e+203
-5.225475531367832e+202
3.135285318820699e+203
-1.0450951062735663e+203
6.270570637641398e+203
-2.0901902125471327e+203
1.2541141275282797e+204
-4.180380425094265e+203
2.5082282550565593e+204
-8.36076085018853e+203
5.016456510113119e+204
-1.672152170037706e+204
1.0032913020226237e+205
-3.344304340075412e+204
2.0065826040452475e+205
-6.688608680150825e+204
4.013165208090495e+205
-1.337721736030165e+205
8.02633041618099e+205
-2.67544347206033e+205
1.605266083236198e+206
-5.35088694412066e+205
3.210532166472396e+206
-1.070177388824132e+206
6.421064332944792e+206
-2.140354777648264e+206
1.2842128665889584e+207
-4.280709555296528e+206
2.568425733177917e+207
-8.561419110593055e+206
5.136851466355834e+207
-1.712283822118611e+207
1.0273702932711667e+208
-3.424567644237222e+207
2.0547405865423334e+208
-6.849135288474444e+207
4.109481173084667e+208
-1.3698270576948889e+208
8.218962346169334e+208
-2.7396541153897777e+208
1.6437924692338667e+209
-5.479308230779555e+208
3.2875849384677334e+209
-1.095861646155911e+209
6.575169876935467e+209
-2.191723292311822e+209
1.3150339753870934e+210
-4.383446584623644e+209
2.630067950774187e+210
-8.766893169247289e+209
5.260135901548374e+210
-1.7533786338494577e+210
1.0520271803096747e+211
-3.5067572676989155e+210
2.1040543606193494e+211
-7.013514535397831e+210
4.208108721238699e+211
-1.4027029070795662e+211
8.416217442477398e+211
-2.8054058141591324e+211
1.6832434884954795e+212
-5.610811628318265e+211
3.366486976990959e+212
-1.122162325663653e+212
6.732973953981918e+212
-2.244324651327306e+212
1.3465947907963836e+213
-4.488649302654612e+212
2.6931895815927672e+213
-8.977298605309224e+212
5.386379163185535e+213
-1.7954597210618447e+213
1.077275832637107e+214
-3.5909194421236894e+213
2.154551665274214e+214
-7.181838884247379e+213
4.309103330548428e+214
-1.4363677768494758e+214
8.618206661096855e+214
-2.8727355536989516e+214
1.723641332219371e+215
-5.745471107397903e+214
3.447282664438742e+215
-1.1490942214795806e+215
6.894565328877484e+215
-2.2981884429591612e+215
1.3789130657754968e+216
-4.5963768859183225e+215
2.7578261315509936e+216
-9.192753771836645e+215
5.515652263101987e+216
-1.838550754367329e+216
1.1031304526203975e+217
-3.677101508734658e+216
2.206260905240795e+217
-7.354203017469316e+216
4.41252181048159e+217
-1.4708406034938632e+217
8.82504362096318e+217
-2.9416812069877264e+217
1.765008724192636e+218
-5.883362413975453e+217
3.530017448385272e+218
-1.1766724827950906e+218
7.060034896770544e+218
-2.353344965590181e+218
1.4120069793541087e+219
-4.706689931180362e+218
2.8240139587082175e+219
-9.413379862360724e+218
5.648027917416435e+219
-1.882675972472145e+219
1.129605583483287e+220
-3.76535194494429e+219
2.259211166966574e+220
-7.53070388988858e+219
4.518422333933148e+220
-1.506140777977716e+220
9.036844667866296e+220
-3.012281555955432e+220
1.8073689335732592e+221
-6.024563111910864e+220
3.6147378671465184e+221
-1.2049126223821727e+221
7.229475734293037e+221
-2.4098252447643455e+221
1.4458951468586074e+222
-4.819650489528691e+221
2.891790293717215e+222
-9.639300979057382e+221
5.78358058743443e+222
-1.9278601958114764e+222
1.156716117486886e+223
-3.855720391622953e+222
2.313432234973772e+223
-7.711440783245905e+222
4.626864469947544e+223
-1.542288156649181e+223
9.253728939895087e+223
-3.084576313298362e+223
1.8507457879790174e+224
-6.169152626596724e+223
3.701491575958035e+224
-1.2338305253193449e+224
7.40298315191607e+224
-2.4676610506386898e+224
1.480596630383214e+225
-4.9353221012773795e+224
2.961193260766428e+225
-9.870644202554759e+224
5.922386521532856e+225
-1.9741288405109518e+225
1.1844773043065711e+226
-3.9482576810219036e+225
2.3689546086131423e+226
-7.896515362043807e+225
4.737909217226285e+226
-1.5793030724087614e+226
9.47581843445257e+226
-3.158606144817523e+226
1.895163686890514e+227
-6.317212289635046e+226
3.790327373781028e+227
-1.2634424579270092e+227
7.580654747562055e+227
-2.5268849158540183e+227
1.516130949512411e+228
-5.053769831708037e+227
3.032261899024822e+228
-1.0107539663416073e+228
6.064523798049644e+228
-2.0215079326832146e+228
1.2129047596099289e+229
-4.043015865366429e+228
2.4258095192198577e+229
-8.086031730732859e+228
4.8516190384397154e+229
-1.6172063461465717e+229
9.703238076879431e+229
-3.2344126922931434e+229
1.9406476153758862e+230
-6.468825384586287e+229
3.8812952307517723e+230
-1.2937650769172574e+230
7.762590461503545e+230
-2.5875301538345147e+230
1.552518092300709e+231
-5.1750603076690295e+230
3.105036184601418e+231
-1.0350120615338059e+231
6.210072369202836e+231
-2.0700241230676118e+231
1.2420144738405671e+232
-4.1400482461352236e+231
2.4840289476811343e+232
-8.280096492270447e+231
4.968057895362269e+232
-1.6560192984540894e+232
9.936115790724537e+232
-3.312038596908179e+232
1.9872231581449074e+233
-6.624077193816358e+232
3.974446316289815e+233
-1.3248154387632716e+233
7.94889263257963e+233
-2.649630877526543e+233
1.589778526515926e+234
-5.299261755053086e+233
3.179557053031852e+234
-1.0598523510106172e+234
6.359114106063704e+234
-2.1197047020212345e+234
1.2718228212127408e+235
-4.239409404042469e+234
2.5436456424254815e+235
-8.478818808084938e+234
5.087291284850963e+235
-1.6957637616169876e+235
1.0174582569701926e+236
-3.391527523233975e+235
2.0349165139403852e+236
-6.78305504646795e+235
4.0698330278807704e+236
-1.35661100929359e+236
8.139666055761541e+236
-2.71322201858718e+236
1.6279332111523082e+237
-5.42644403717436e+236
3.2558664223046163e+237
-1.085288807434872e+237
6.511732844609233e+237
-2.170577614869744e+237
1.3023465689218465e+238
-4.341155229739488e+237
2.604693137843693e+238
-8.682310459478976e+237
5.209386275687386e+238
-1.7364620918957953e+238
1.0418772551374772e+239
-3.4729241837915906e+238
2.0837545102749545e+239
-6.945848367583181e+238
4.167509020549909e+239
-1.3891696735166362e+239
8.335018041099818e+239
-2.7783393470332725e+239
1.6670036082199636e+240
-5.556678694066545e+239
3.334007216439927e+240
-1.111335738813309e+240
6.668014432879854e+240
-2.222671477626618e+240
1.333602886575971e+241
-4.445342955253236e+240
2.667205773151942e+241
-8.890685910506472e+240
5.334411546303884e+241
-1.7781371821012944e+241
1.0668823092607767e+242
-3.556274364202589e+241
2.1337646185215534e+242
-7.112548728405177e+241
4.267529237043107e+242
-1.4225097456810355e+242
8.535058474086213e+242
-2.845019491362071e+242
1.7070116948172427e+243
-5.690038982724142e+242
3.4140233896344854e+243
-1.1380077965448284e+243
6.828046779268971e+243
-2.2760155930896568e+243
1.3656093558537942e+244
-4.5520311861793136e+243
2.7312187117075883e+244
-9.104062372358627e+243
5.462437423415177e+244
-1.8208124744717254e+244
1.0924874846830353e+245
-3.641624948943451e+244
2.1849749693660706e+245
-7.283249897886902e+244
4.3699499387321413e+245
-1.4566499795773804e+245
8.739899877464283e+245
-2.9132999591547607e+245
1.7479799754928565e+246
-5.826599918309521e+245
3.495959950985713e+246
-1.1653199836619043e+246
6.991919901971426e+246
-2.3306399673238086e+246
1.3983839803942852e+247
-4.661279934647617e+246
2.7967679607885704e+247
-9.322559869295234e+246
5.593535921577141e+247
-1.864511973859047e+247
1.1187071843154282e+248
-3.729023947718094e+247
2.2374143686308563e+248
-7.458047895436187e+247
4.474828737261713e+248
-1.4916095790872375e+248
8.949657474523425e+248
-2.983219158174475e+248
1.789931494904685e+249
-5.96643831634895e+248
3.57986298980937e+249
-1.19328766326979e+249
7.15972597961874e+249
-2.38657532653958e+249
1.431945195923748e+250
-4.77315065307916e+249
2.863890391847496e+250
-9.54630130615832e+249
5.727780783694992e+250
-1.909260261231664e+250
1.1455561567389984e+251
-3.818520522463328e+250
2.291112313477997e+251
-7.637041044926656e+250
4.582224626955994e+251
-1.5274082089853312e+251
9.164449253911988e+251
-3.0548164179706624e+251
1.8328898507823975e+252
-6.109632835941325e+251
3.665779701564795e+252
-1.221926567188265e+252
7.33155940312959e+252
-2.44385313437653e+252
1.466311880625918e+253
-4.88770626875306e+252
2.932623761251836e+253
-9.77541253750612e+252
5.865247522503672e+253
-1.955082507501224e+253
1.1730495045007344e+254
-3.910165015002448e+253
2.346099009001469e+254
-7.820330030004896e+253
4.692198018002938e+254
-1.564066006000979e+254
9.384396036005875e+254
-3.128132012001958e+254
1.876879207201175e+255
-6.256264024003917e+254
3.75375841440235e+255
-1.2512528048007833e+255
7.5075168288047e+255
-2.5025056096015666e+255
1.50150336576094e+256
-5.005011219203133e+255
3.00300673152188e+256
-1.0010022438406266e+256
6.00601346304376e+256
-2.0020044876812533e+256
1.201202692608752e+257
-4.0040089753625066e+256
2.402405385217504e+257
-8.008017950725013e+256
4.804810770435008e+257
-1.6016035901450026e+257
9.609621540870016e+257
-3.203207180290005e+257
1.9219243081740033e+258
-6.40641436058001e+257
3.8438486163480065e+258
-1.281282872116002e+258
7.687697232696013e+258
-2.562565744232004e+258
1.5375394465392026e+259
-5.125131488464008e+258
3.0750788930784052e+259
-1.0250262976928017e+259
6.150157786156811e+259
-2.0500525953856034e+259
1.2300315572313621e+260
-4.100105190771207e+259
2.4600631144627242e+260
-8.200210381542413e+259
4.9201262289254483e+260
-1.6400420763084827e+260
9.840252457850897e+260
-3.2800841526169654e+260
1.9680504915701793e+261
-6.560168305233931e+260
3.936100983140359e+261
-1.3120336610467862e+261
7.872201966280717e+261
-2.6240673220935723e+261
1.5744403932561435e+262
-5.248134644187145e+261
3.148880786512287e+262
-1.049626928837429e+262
6.297761573024574e+262
-2.099253857674858e+262
1.2595523146049148e+263
-4.198507715349716e+262
2.5191046292098296e+263
-8.397015430699431e+262
5.038209258419659e+263
-1.6794030861398863e+263
1.0076418516839318e+264
-3.3588061722797725e+263
2.0152837033678636e+264
-6.717612344559545e+263
4.0305674067357273e+264
-1.343522468911909e+264
8.061134813471455e+264
-2.687044937823818e+264
1.612226962694291e+265
-5.374089875647636e+264
3.224453925388582e+265
-1.0748179751295272e+265
6.448907850777164e+265
-2.1496359502590544e+265
1.2897815701554327e+266
-4.299271900518109e+265
2.5795631403108655e+266
-8.598543801036218e+265
5.159126280621731e+266
-1.7197087602072435e+266
1.0318252561243462e+267
-3.439417520414487e+266
2.0636505122486924e+267
-6.878835040828974e+266
4.127301024497385e+267
-1.3757670081657948e+267
8.25460204899477e+267
-2.7515340163315897e+267
1.650920409798954e+268
-5.503068032663179e+267
3.301840819597908e+268
-1.1006136065326359e+268
6.603681639195816e+268
-2.2012272130652717e+268
1.3207363278391631e+269
-4.4024544261305435e+268
2.6414726556783262e+269
-8.804908852261087e+268
5.282945311356653e+269
-1.7609817704522174e+269
1.0565890622713305e+270
-3.521963540904435e+269
2.113178124542661e+270
-7.04392708180887e+269
4.226356249085322e+270
-1.408785416361774e+270
8.452712498170644e+270
-2.817570832723548e+270
1.6905424996341288e+271
-5.635141665447096e+270
3.3810849992682576e+271
-1.1270283330894191e+271
6.762169998536515e+271
-2.2540566661788383e+271
1.352433999707303e+272
-4.5081133323576765e+271
2.704867999414606e+272
-9.016226664715353e+271
5.409735998829212e+272
-1.8032453329430706e+272
1.0819471997658424e+273
-3.606490665886141e+272
2.163894399531685e+273
-7.212981331772282e+272
4.32778879906337e+273
-1.4425962663544565e+273
8.65557759812674e+273
-2.885192532708913e+273
1.731115519625348e+274
-5.770385065417826e+273
3.462231039250696e+274
-1.1540770130835652e+274
6.924462078501392e+274
-2.3081540261671304e+274
1.3848924157002783e+275
-4.616308052334261e+274
2.7697848314005566e+275
-9.232616104668522e+274
5.539569662801113e+275
-1.8465232209337043e+275
1.1079139325602226e+276
-3.6930464418674086e+275
2.2158278651204453e+276
-7.386092883734817e+275
4.431655730240891e+276
-1.4772185767469634e+276
8.863311460481781e+276
-2.954437153493927e+276
1.7726622920963562e+277
-5.908874306987854e+276
3.5453245841927125e+277
-1.1817748613975708e+277
7.090649168385425e+277
-2.3635497227951415e+277
1.418129833677085e+278
-4.727099445590283e+277
2.83625966735417e+278
-9.454198891180566e+277
5.67251933470834e+278
-1.8908397782361132e+278
1.134503866941668e+279
-3.7816795564722264e+278
2.269007733883336e+279
-7.563359112944453e+278
4.538015467766672e+279
-1.5126718225888906e+279
9.076030935533344e+279
-3.025343645177781e+279
1.8152061871066688e+280
-6.050687290355562e+279
3.6304123742133376e+280
-1.2101374580711125e+280
7.260824748426675e+280
-2.420274916142225e+280
1.452164949685335e+281
-4.84054983228445e+280
2.90432989937067e+281
-9.6810996645689e+280
5.80865979874134e+281
-1.93621993291378e+281
1.161731959748268e+282
-3.87243986582756e+281
2.323463919496536e+282
-7.74487973165512e+281
4.646927838993072e+282
-1.548975946331024e+282
9.293855677986144e+282
-3.097951892662048e+282
1.858771135597229e+283
-6.195903785324096e+282
3.717542271194458e+283
-1.2391807570648192e+283
7.435084542388915e+283
-2.4783615141296383e+283
1.487016908477783e+284
-4.956723028259277e+283
2.974033816955566e+284
-9.913446056518553e+283
5.948067633911132e+284
-1.9826892113037106e+284
1.1896135267822265e+285
-3.965378422607421e+284
2.379227053564453e+285
-7.930756845214843e+284
4.758454107128906e+285
-1.5861513690429685e+285
9.516908214257812e+285
-3.172302738085937e+285
1.9033816428515623e+286
-6.344605476171874e+285
3.806763285703125e+286
-1.2689210952343748e+286
7.61352657140625e+286
-2.5378421904687496e+286
1.52270531428125e+287
-5.075684380937499e+286
3.0454106285625e+287
-1.0151368761874998e+287
6.090821257125e+287
-2.0302737523749997e+287
1.218164251425e+288
-4.0605475047499994e+287
2.43632850285e+288
-8.121095009499999e+287
4.8726570057e+288
-1.6242190018999998e+288
9.7453140114e+288
-3.2484380037999995e+288
1.94906280228e+289
-6.496876007599999e+288
3.89812560456e+289
-1.2993752015199998e+289
7.79625120912e+289
-2.5987504030399996e+289
1.559250241824e+290
-5.197500806079999e+289
3.118500483648e+290
-1.0395001612159998e+290
6.237000967296e+290
-2.0790003224319997e+290
1.2474001934592e+291
-4.1580006448639994e+290
2.4948003869184e+291
-8.316001289727999e+290
4.9896007738368e+291
-1.6632002579455998e+291
9.9792015476736e+291
-3.3264005158911995e+291
1.99584030953472e+292
-6.652801031782399e+291
3.99168061906944e+292
-1.3305602063564798e+292
7.98336123813888e+292
-2.6611204127129596e+292
1.596672247627776e+293
-5.322240825425919e+292
3.193344495255552e+293
-1.0644481650851838e+293
6.386688990511104e+293
-2.1288963301703677e+293
1.2773377981022207e+294
-4.2577926603407354e+293
2.5546755962044414e+294
-8.515585320681471e+293
5.109351192408883e+294
-1.7031170641362941e+294
1.0218702384817765e+295
-3.4062341282725883e+294
2.043740476963553e+295
-6.812468256545177e+294
4.087480953927106e+295
-1.3624936513090353e+295
8.174961907854212e+295
-2.7249873026180706e+295
1.6349923815708425e+296
-5.449974605236141e+295
3.269984763141685e+296
-1.0899949210472283e+296
6.53996952628337e+296
-2.1799898420944565e+296
1.307993905256674e+297
-4.359979684188913e+296
2.615987810513348e+297
-8.719959368377826e+296
5.231975621026696e+297
-1.7439918736755652e+297
1.0463951242053392e+298
-3.4879837473511304e+297
2.0927902484106784e+298
-6.975967494702261e+297
4.185580496821357e+298
-1.3951934989404522e+298
8.371160993642713e+298
-2.7903869978809043e+298
1.6742321987285427e+299
-5.580773995761809e+298
3.3484643974570854e+299
-1.1161547991523617e+299
6.696928794914171e+299
-2.2323095983047235e+299
1.3393857589828342e+300
-4.464619196609447e+299
2.6787715179656683e+300
-8.929238393218894e+299
5.357543035931337e+300
-1.7858476786437788e+300
1.0715086071862673e+301
-3.5716953572875575e+300
2.1430172143725346e+301
-7.143390714575115e+300
4.2860344287450693e+301
-1.428678142915023e+301
8.572068857490139e+301
-2.857356285830046e+301
1.7144137714980277e+302
-5.714712571660092e+301
3.4288275429960554e+302
-1.1429425143320184e+302
6.857655085992111e+302
-2.285885028664037e+302
1.3715310171984222e+303
-4.571770057328074e+302
2.7430620343968443e+303
-9.143540114656147e+302
5.486124068793689e+303
-1.8287080229312295e+303
1.0972248137587377e+304
-3.657416045862459e+303
2.1944496275174755e+304
-7.314832091724918e+303
4.388899255034951e+304
-1.4629664183449836e+304
8.777798510069902e+304
-2.925932836689967e+304
1.7555597020139804e+305
-5.851865673379934e+304
3.511119404027961e+305
-1.1703731346759869e+305
7.022238808055922e+305
-2.3407462693519737e+305
1.4044477616111843e+306
-4.6814925387039474e+305
2.8088955232223686e+306
-9.362985077407895e+305
5.617791046444737e+306
-1.872597015481579e+306
1.1235582092889474e+307
-3.745194030963158e+306
2.247116418577895e+307
-7.490388061926316e+306
4.49423283715579e+307
-1.4980776123852632e+307
8.98846567431158e+307
-2.9961552247705263e+307
Infinity
-Infinity
Infinity
-Infinity
Infinity
-Infinity
Infinity
-Infinity
Infinity
-Infinity
Infinity
-Infinity
Infinity
-Infinity
Infinity
-Infinity
Infinity
-Infinity
Infinity
-Infinity
Infinity
-Infinity
Infinity
-Infinity
Infinity
-Infinity
Infinity
-Infinity
Infinity
-Infinity
Infinity
-Infinity
Infinity
-Infinity
Infinity
-Infinity
Infinity
-Infinity
Infinity
-Infinity
Infinity
-Infinity
Infinity
-Infinity
Infinity
-Infinity
Infinity
-Infinity
Infinity
-Infinity
Infinity
-Infinity
Infinity
-Infinity
Infinity
-Infinity
Infinity
-Infinity
Infinity
-Infinity
Infinity
-Infinity
Infinity
-Infinity
Infinity
-Infinity
Infinity
-Infinity
Infinity
-Infinity
Infinity
-Infinity
Infinity
-Infinity
Infinity
-Infinity
Infinity
-Infinity
Infinity
-Infinity
Infinity
-Infinity
Infinity
-Infinity
Infinity
-Infinity
Infinity
-Infinity
Infinity
-Infinity
Infinity
-Infinity
Infinity
-Infinity
Infinity
-Infinity
Infinity
-Infinity
Infinity
-Infinity
Infinity
-Infinity
Infinity
-Infinity
Infinity
-Infinity
Infinity
-Infinity
Infinity
-Infinity
Infinity
-Infinity
Infinity
-Infinity
Infinity
-Infinity
Infinity
-Infinity
Infinity
-Infinity
Infinity
-Infinity
Infinity
-Infinity
Infinity
-Infinity
Infinity
-Infinity
Infinity
-Infinity
Infinity
-Infinity
Infinity
-Infinity
Infinity
-Infinity
Infinity
-Infinity
Infinity
-Infinity
Infinity
-Infinity
Infinity
-Infinity
Infinity
-Infinity
Infinity
-Infinity
Infinity
-Infinity
Infinity
-Infinity
1
0.6363636363636364
0.5
0.3181818181818182
0.25
0.1590909090909091
0.125
0.07954545454545454
0.0625
0.03977272727272727
0.03125
0.019886363636363636
0.015625
0.009943181818181818
0.0078125
0.004971590909090909
0.00390625
0.0024857954545454545
0.001953125
0.0012428977272727273
0.0009765625
0.0006214488636363636
0.00048828125
0.0003107244318181818
0.000244140625
0.0001553622159090909
0.0001220703125
0.00007768110795454545
0.00006103515625
0.00003884055397727273
0.000030517578125
0.000019420276988636363
0.0000152587890625
0.000009710138494318182
0.00000762939453125
0.000004855069247159091
0.000003814697265625
0.0000024275346235795454
0.0000019073486328125
0.0000012137673117897727
9.5367431640625e-7
6.068836558948864e-7
4.76837158203125e-7
3.034418279474432e-7
2.384185791015625e-7
1.517209139737216e-7
1.1920928955078125e-7
7.58604569868608e-8
5.960464477539063e-8
3.79302284934304e-8
2.9802322387695312e-8
1.89651142467152e-8
1.4901161193847656e-8
9.4825571233576e-9
7.450580596923828e-9
4.7412785616788e-9
3.725290298461914e-9
2.3706392808394e-9
1.862645149230957e-9
1.1853196404197e-9
9.313225746154785e-10
5.9265982020985e-10
4.656612873077393e-10
2.96329910104925e-10
2.3283064365386963e-10
1.481649550524625e-10
1.1641532182693481e-10
7.408247752623124e-11
5.820766091346741e-11
3.704123876311562e-11
2.9103830456733704e-11
1.852061938155781e-11
1.4551915228366852e-11
9.260309690778906e-12
7.275957614183426e-12
4.630154845389453e-12
3.637978807091713e-12
2.3150774226947264e-12
1.8189894035458565e-12
1.1575387113473632e-12
9.094947017729282e-13
5.787693556736816e-13
4.547473508864641e-13
2.893846778368408e-13
2.2737367544323206e-13
1.446923389184204e-13
1.1368683772161603e-13
7.23461694592102e-14
5.684341886080802e-14
3.61730847296051e-14
2.842170943040401e-14
1.808654236480255e-14
1.4210854715202004e-14
9.043271182401275e-15
7.105427357601002e-15
4.5216355912006375e-15
3.552713678800501e-15
2.2608177956003187e-15
1.7763568394002505e-15
1.1304088978001594e-15
8.881784197001252e-16
5.652044489000797e-16
4.440892098500626e-16
2.8260222445003984e-16
2.220446049250313e-16
1.4130111222501992e-16
1.1102230246251565e-16
7.065055611250996e-17
5.551115123125783e-17
3.532527805625498e-17
2.7755575615628914e-17
1.766263902812749e-17
1.3877787807814457e-17
8.831319514063745e-18
6.938893903907228e-18
4.4156597570318725e-18
3.469446951953614e-18
2.2078298785159363e-18
1.734723475976807e-18
1.1039149392579681e-18
8.673617379884035e-19
5.519574696289841e-19
4.336808689942018e-19
2.7597873481449203e-19
2.168404344971009e-19
1.3798936740724602e-19
1.0842021724855044e-19
6.899468370362301e-20
5.421010862427522e-20
3.4497341851811504e-20
2.710505431213761e-20
1.7248670925905752e-20
1.3552527156068805e-20
8.624335462952876e-21
6.776263578034403e-21
4.312167731476438e-21
3.3881317890172014e-21
2.156083865738219e-21
1.6940658945086007e-21
1.0780419328691095e-21
8.470329472543003e-22
5.3902096643455475e-22
4.235164736271502e-22
2.6951048321727738e-22
2.117582368135751e-22
1.3475524160863869e-22
1.0587911840678754e-22
6.737762080431934e-23
5.293955920339377e-23
3.368881040215967e-23
2.6469779601696886e-23
1.6844405201079836e-23
1.3234889800848443e-23
8.422202600539918e-24
6.617444900424222e-24
4.211101300269959e-24
3.308722450212111e-24
2.1055506501349795e-24
1.6543612251060553e-24
1.0527753250674898e-24
8.271806125530277e-25
5.263876625337449e-25
4.1359030627651384e-25
2.6319383126687244e-25
2.0679515313825692e-25
1.3159691563343622e-25
1.0339757656912846e-25
6.579845781671811e-26
5.169878828456423e-26
3.2899228908359055e-26
2.5849394142282115e-26
1.6449614454179527e-26
1.2924697071141057e-26
8.224807227089764e-27
6.462348535570529e-27
4.112403613544882e-27
3.2311742677852644e-27
2.056201806772441e-27
1.6155871338926322e-27
1.0281009033862205e-27
8.077935669463161e-28
5.140504516931102e-28
4.0389678347315804e-28
2.570252258465551e-28
2.0194839173657902e-28
1.2851261292327756e-28
1.0097419586828951e-28
6.425630646163878e-29
5.048709793414476e-29
3.212815323081939e-29
2.524354896707238e-29
1.6064076615409695e-29
1.262177448353619e-29
8.032038307704847e-30
6.310887241768095e-30
4.016019153852424e-30
3.1554436208840472e-30
2.008009576926212e-30
1.5777218104420236e-30
1.004004788463106e-30
7.888609052210118e-31
5.02002394231553e-31
3.944304526105059e-31
2.510011971157765e-31
1.9721522630525295e-31
1.2550059855788824e-31
9.860761315262648e-32
6.275029927894412e-32
4.930380657631324e-32
3.137514963947206e-32
2.465190328815662e-32
1.568757481973603e-32
1.232595164407831e-32
7.843787409868015e-33
6.162975822039155e-33
3.9218937049340075e-33
3.0814879110195774e-33
1.9609468524670037e-33
1.5407439555097887e-33
9.804734262335019e-34
7.703719777548943e-34
4.902367131167509e-34
3.851859888774472e-34
2.4511835655837547e-34
1.925929944387236e-34
1.2255917827918773e-34
9.62964972193618e-35
6.127958913959387e-35
4.81482486096809e-35
3.0639794569796934e-35
2.407412430484045e-35
1.5319897284898467e-35
1.2037062152420224e-35
7.659948642449233e-36
6.018531076210112e-36
3.829974321224617e-36
3.009265538105056e-36
1.9149871606123083e-36
1.504632769052528e-36
9.574935803061542e-37
7.52316384526264e-37
4.787467901530771e-37
3.76158192263132e-37
2.3937339507653854e-37
1.88079096131566e-37
1.1968669753826927e-37
9.4039548065783e-38
5.984334876913464e-38
4.70197740328915e-38
2.992167438456732e-38
2.350988701644575e-38
1.496083719228366e-38
1.1754943508222875e-38
7.48041859614183e-39
5.877471754111438e-39
3.740209298070915e-39
2.938735877055719e-39
1.8701046490354574e-39
1.4693679385278594e-39
9.350523245177287e-40
7.346839692639297e-40
4.6752616225886434e-40
3.6734198463196485e-40
2.3376308112943217e-40
1.8367099231598242e-40
1.1688154056471609e-40
9.183549615799121e-41
5.844077028235804e-41
4.591774807899561e-41
2.922038514117902e-41
2.2958874039497803e-41
1.461019257058951e-41
1.1479437019748901e-41
7.305096285294755e-42
5.739718509874451e-42
3.6525481426473777e-42
2.8698592549372254e-42
1.8262740713236888e-42
1.4349296274686127e-42
9.131370356618444e-43
7.174648137343064e-43
4.565685178309222e-43
3.587324068671532e-43
2.282842589154611e-43
1.793662034335766e-43
1.1414212945773055e-43
8.96831017167883e-44
5.707106472886528e-44
4.484155085839415e-44
2.853553236443264e-44
2.2420775429197073e-44
1.426776618221632e-44
1.1210387714598537e-44
7.13388309110816e-45
5.605193857299268e-45
3.56694154555408e-45
2.802596928649634e-45
1.78347077277704e-45
1.401298464324817e-45
8.9173538638852e-46
7.006492321624085e-46
4.4586769319426e-46
3.503246160812043e-46
2.2293384659713e-46
1.7516230804060213e-46
1.11466923298565e-46
8.758115402030107e-47
5.57334616492825e-47
4.3790577010150533e-47
2.786673082464125e-47
2.1895288505075267e-47
1.3933365412320624e-47
1.0947644252537633e-47
6.966682706160312e-48
5.473822126268817e-48
3.483341353080156e-48
2.7369110631344083e-48
1.741670676540078e-48
1.3684555315672042e-48
8.70835338270039e-49
6.842277657836021e-49
4.354176691350195e-49
3.4211388289180104e-49
2.1770883456750975e-49
1.7105694144590052e-49
1.0885441728375488e-49
8.552847072295026e-50
5.442720864187744e-50
4.276423536147513e-50
2.721360432093872e-50
2.1382117680737565e-50
1.360680216046936e-50
1.0691058840368783e-50
6.80340108023468e-51
5.345529420184391e-51
3.40170054011734e-51
2.6727647100921956e-51
1.70085027005867e-51
1.3363823550460978e-51
8.50425135029335e-52
6.681911775230489e-52
4.252125675146675e-52
3.3409558876152446e-52
2.1260628375733374e-52
1.6704779438076223e-52
1.0630314187866687e-52
8.352389719038111e-53
5.3151570939333435e-53
4.176194859519056e-53
2.6575785469666718e-53
2.088097429759528e-53
1.3287892734833359e-53
1.044048714879764e-53
6.643946367416679e-54
5.22024357439882e-54
3.3219731837083397e-54
2.61012178719941e-54
1.6609865918541699e-54
1.305060893599705e-54
8.304932959270849e-55
6.525304467998525e-55
4.1524664796354246e-55
3.2626522339992623e-55
2.0762332398177123e-55
1.6313261169996311e-55
1.0381166199088562e-55
8.156630584998156e-56
5.190583099544281e-56
4.078315292499078e-56
2.5952915497721404e-56
2.039157646249539e-56
1.2976457748860702e-56
1.0195788231247695e-56
6.488228874430351e-57
5.0978941156238473e-57
3.2441144372151755e-57
2.5489470578119236e-57
1.6220572186075877e-57
1.2744735289059618e-57
8.110286093037939e-58
6.372367644529809e-58
4.0551430465189694e-58
3.1861838222649046e-58
2.0275715232594847e-58
1.5930919111324523e-58
1.0137857616297423e-58
7.965459555662261e-59
5.068928808148712e-59
3.982729777831131e-59
2.534464404074356e-59
1.9913648889155653e-59
1.267232202037178e-59
9.956824444577827e-60
6.33616101018589e-60
4.9784122222889134e-60
3.168080505092945e-60
2.4892061111444567e-60
1.5840402525464724e-60
1.2446030555722283e-60
7.920201262732362e-61
6.223015277861142e-61
3.960100631366181e-61
3.111507638930571e-61
1.9800503156830905e-61
1.5557538194652854e-61
9.900251578415453e-62
7.778769097326427e-62
4.950125789207726e-62
3.8893845486632136e-62
2.475062894603863e-62
1.9446922743316068e-62
1.2375314473019316e-62
9.723461371658034e-63
6.187657236509658e-63
4.861730685829017e-63
3.093828618254829e-63
2.4308653429145085e-63
1.5469143091274145e-63
1.2154326714572542e-63
7.734571545637072e-64
6.077163357286271e-64
3.867285772818536e-64
3.0385816786431356e-64
1.933642886409268e-64
1.5192908393215678e-64
9.66821443204634e-65
7.596454196607839e-65
4.83410721602317e-65
3.7982270983039195e-65
2.417053608011585e-65
1.8991135491519597e-65
1.2085268040057925e-65
9.495567745759799e-66
6.042634020028963e-66
4.7477838728798994e-66
3.0213170100144814e-66
2.3738919364399497e-66
1.5106585050072407e-66
1.1869459682199748e-66
7.553292525036203e-67
5.934729841099874e-67
3.776646262518102e-67
2.967364920549937e-67
1.888323131259051e-67
1.4836824602749686e-67
9.441615656295254e-68
7.418412301374843e-68
4.720807828147627e-68
3.7092061506874214e-68
2.3604039140738136e-68
1.8546030753437107e-68
1.1802019570369068e-68
9.273015376718553e-69
5.901009785184534e-69
4.636507688359277e-69
2.950504892592267e-69
2.3182538441796384e-69
1.4752524462961335e-69
1.1591269220898192e-69
7.376262231480667e-70
5.795634610449096e-70
3.688131115740334e-70
2.897817305224548e-70
1.844065557870167e-70
1.448908652612274e-70
9.220327789350834e-71
7.24454326306137e-71
4.610163894675417e-71
3.622271631530685e-71
2.3050819473377086e-71
1.8111358157653425e-71
1.1525409736688543e-71
9.055679078826712e-72
5.762704868344271e-72
4.527839539413356e-72
2.8813524341721357e-72
2.263919769706678e-72
1.4406762170860679e-72
1.131959884853339e-72
7.203381085430339e-73
5.659799424266695e-73
3.6016905427151696e-73
2.8298997121333476e-73
1.8008452713575848e-73
1.4149498560666738e-73
9.004226356787924e-74
7.074749280333369e-74
4.502113178393962e-74
3.5373746401666845e-74
2.251056589196981e-74
1.7686873200833423e-74
1.1255282945984905e-74
8.843436600416711e-75
5.627641472992453e-75
4.421718300208356e-75
2.8138207364962263e-75
2.210859150104178e-75
1.4069103682481131e-75
1.105429575052089e-75
7.034551841240566e-76
5.527147875260445e-76
3.517275920620283e-76
2.7635739376302223e-76
1.7586379603101414e-76
1.3817869688151111e-76
8.793189801550707e-77
6.908934844075556e-77
4.3965949007753536e-77
3.454467422037778e-77
2.1982974503876768e-77
1.727233711018889e-77
1.0991487251938384e-77
8.636168555094445e-78
5.495743625969192e-78
4.3180842775472223e-78
2.747871812984596e-78
2.1590421387736112e-78
1.373935906492298e-78
1.0795210693868056e-78
6.86967953246149e-79
5.397605346934028e-79
3.434839766230745e-79
2.698802673467014e-79
1.7174198831153725e-79
1.349401336733507e-79
8.587099415576862e-80
6.747006683667535e-80
4.293549707788431e-80
3.3735033418337674e-80
2.1467748538942156e-80
1.6867516709168837e-80
1.0733874269471078e-80
8.433758354584419e-81
5.366937134735539e-81
4.2168791772922093e-81
2.6834685673677695e-81
2.1084395886461046e-81
1.3417342836838848e-81
1.0542197943230523e-81
6.708671418419424e-82
5.271098971615262e-82
3.354335709209712e-82
2.635549485807631e-82
1.677167854604856e-82
1.3177747429038154e-82
8.38583927302428e-83
6.588873714519077e-83
4.19291963651214e-83
3.2944368572595385e-83
2.09645981825607e-83
1.6472184286297693e-83
1.048229909128035e-83
8.236092143148846e-84
5.241149545640175e-84
4.118046071574423e-84
2.6205747728200874e-84
2.0590230357872116e-84
1.3102873864100437e-84
1.0295115178936058e-84
6.551436932050219e-85
5.147557589468029e-85
3.275718466025109e-85
2.5737787947340145e-85
1.6378592330125546e-85
1.2868893973670072e-85
8.189296165062773e-86
6.434446986835036e-86
4.0946480825313866e-86
3.217223493417518e-86
2.0473240412656933e-86
1.608611746708759e-86
1.0236620206328466e-86
8.043058733543795e-87
5.118310103164233e-87
4.021529366771898e-87
2.5591550515821166e-87
2.010764683385949e-87
1.2795775257910583e-87
1.0053823416929744e-87
6.397887628955292e-88
5.026911708464872e-88
3.198943814477646e-88
2.513455854232436e-88
1.599471907238823e-88
1.256727927116218e-88
7.997359536194114e-89
6.28363963558109e-89
3.998679768097057e-89
3.141819817790545e-89
1.9993398840485286e-89
1.5709099088952725e-89
9.996699420242643e-90
7.854549544476363e-90
4.9983497101213215e-90
3.9272747722381812e-90
2.4991748550606608e-90
1.9636373861190906e-90
1.2495874275303304e-90
9.818186930595453e-91
6.247937137651652e-91
4.909093465297727e-91
3.123968568825826e-91
2.4545467326488633e-91
1.561984284412913e-91
1.2272733663244316e-91
7.809921422064565e-92
6.136366831622158e-92
3.9049607110322824e-92
3.068183415811079e-92
1.9524803555161412e-92
1.5340917079055395e-92
9.762401777580706e-93
7.670458539527698e-93
4.881200888790353e-93
3.835229269763849e-93
2.4406004443951765e-93
1.9176146348819244e-93
1.2203002221975883e-93
9.588073174409622e-94
6.101501110987941e-94
4.794036587204811e-94
3.0507505554939706e-94
2.3970182936024055e-94
1.5253752777469853e-94
1.1985091468012028e-94
7.626876388734927e-95
5.992545734006014e-95
3.813438194367463e-95
2.996272867003007e-95
1.9067190971837317e-95
1.4981364335015035e-95
9.533595485918658e-96
7.490682167507517e-96
4.766797742959329e-96
3.745341083753759e-96
2.3833988714796646e-96
1.8726705418768793e-96
1.1916994357398323e-96
9.363352709384397e-97
5.958497178699161e-97
4.6816763546921983e-97
2.9792485893495807e-97
2.3408381773460992e-97
1.4896242946747904e-97
1.1704190886730496e-97
7.448121473373952e-98
5.852095443365248e-98
3.724060736686976e-98
2.926047721682624e-98
1.862030368343488e-98
1.463023860841312e-98
9.31015184171744e-99
7.31511930420656e-99
4.65507592085872e-99
3.65755965210328e-99
2.32753796042936e-99
1.82877982605164e-99
1.16376898021468e-99
9.1438991302582e-100
5.8188449010734e-100
4.5719495651291e-100
2.9094224505367e-100
2.28597478256455e-100
1.45471122526835e-100
1.142987391282275e-100
7.27355612634175e-101
5.714936956411375e-101
3.636778063170875e-101
2.8574684782056875e-101
1.8183890315854374e-101
1.4287342391028437e-101
9.091945157927187e-102
7.143671195514219e-102
4.545972578963594e-102
3.5718355977571093e-102
2.272986289481797e-102
1.7859177988785547e-102
1.1364931447408984e-102
8.929588994392773e-103
5.682465723704492e-103
4.464794497196387e-103
2.841232861852246e-103
2.2323972485981933e-103
1.420616430926123e-103
1.1161986242990967e-103
7.103082154630615e-104
5.5809931214954833e-104
3.5515410773153075e-104
2.7904965607477417e-104
1.7757705386576538e-104
1.3952482803738708e-104
8.878852693288269e-105
6.976241401869354e-105
4.439426346644134e-105
3.488120700934677e-105
2.219713173322067e-105
1.7440603504673385e-105
1.1098565866610336e-105
8.720301752336693e-106
5.549282933305168e-106
4.3601508761683463e-106
2.774641466652584e-106
2.1800754380841732e-106
1.387320733326292e-106
1.0900377190420866e-106
6.93660366663146e-107
5.450188595210433e-107
3.46830183331573e-107
2.7250942976052165e-107
1.734150916657865e-107
1.3625471488026082e-107
8.670754583289325e-108
6.812735744013041e-108
4.3353772916446625e-108
3.4063678720065206e-108
2.1676886458223312e-108
1.7031839360032603e-108
1.0838443229111656e-108
8.515919680016301e-109
5.419221614555828e-109
4.257959840008151e-109
2.709610807277914e-109
2.1289799200040754e-109
1.354805403638957e-109
1.0644899600020377e-109
6.774027018194785e-110
5.3224498000101884e-110
3.3870135090973926e-110
2.6612249000050942e-110
1.6935067545486963e-110
1.3306124500025471e-110
8.467533772743481e-111
6.653062250012736e-111
4.233766886371741e-111
3.326531125006368e-111
2.1168834431858704e-111
1.663265562503184e-111
1.0584417215929352e-111
8.31632781251592e-112
5.292208607964676e-112
4.15816390625796e-112
2.646104303982338e-112
2.07908195312898e-112
1.323052151991169e-112
1.03954097656449e-112
6.615260759955845e-113
5.19770488282245e-113
3.3076303799779224e-113
2.598852441411225e-113
1.6538151899889612e-113
1.2994262207056124e-113
8.269075949944806e-114
6.497131103528062e-114
4.134537974972403e-114
3.248565551764031e-114
2.0672689874862015e-114
1.6242827758820155e-114
1.0336344937431008e-114
8.121413879410078e-115
5.168172468715504e-115
4.060706939705039e-115
2.584086234357752e-115
2.0303534698525194e-115
1.292043117178876e-115
1.0151767349262597e-115
6.46021558589438e-116
5.075883674631299e-116
3.23010779294719e-116
2.5379418373156492e-116
1.615053896473595e-116
1.2689709186578246e-116
8.075269482367975e-117
6.344854593289123e-117
4.037634741183987e-117
3.1724272966445615e-117
2.0188173705919937e-117
1.5862136483222808e-117
1.0094086852959968e-117
7.931068241611404e-118
5.047043426479984e-118
3.965534120805702e-118
2.523521713239992e-118
1.982767060402851e-118
1.261760856619996e-118
9.913835302014255e-119
6.30880428309998e-119
4.9569176510071274e-119
3.15440214154999e-119
2.4784588255035637e-119
1.577201070774995e-119
1.2392294127517818e-119
7.886005353874975e-120
6.196147063758909e-120
3.9430026769374876e-120
3.0980735318794546e-120
1.9715013384687438e-120
1.5490367659397273e-120
9.857506692343719e-121
7.745183829698637e-121
4.9287533461718595e-121
3.8725919148493183e-121
2.4643766730859298e-121
1.9362959574246591e-121
1.2321883365429649e-121
9.681479787123296e-122
6.160941682714824e-122
4.840739893561648e-122
3.080470841357412e-122
2.420369946780824e-122
1.540235420678706e-122
1.210184973390412e-122
7.70117710339353e-123
6.05092486695206e-123
3.850588551696765e-123
3.02546243347603e-123
1.9252942758483826e-123
1.512731216738015e-123
9.626471379241913e-124
7.563656083690075e-124
4.813235689620957e-124
3.7818280418450374e-124
2.4066178448104783e-124
1.8909140209225187e-124
1.2033089224052391e-124
9.454570104612593e-125
6.016544612026196e-125
4.727285052306297e-125
3.008272306013098e-125
2.3636425261531484e-125
1.504136153006549e-125
1.1818212630765742e-125
7.520680765032745e-126
5.909106315382871e-126
3.7603403825163723e-126
2.9545531576914354e-126
1.8801701912581862e-126
1.4772765788457177e-126
9.400850956290931e-127
7.386382894228589e-127
4.7004254781454654e-127
3.6931914471142943e-127
2.3502127390727327e-127
1.8465957235571472e-127
1.1751063695363664e-127
9.232978617785736e-128
5.875531847681832e-128
4.616489308892868e-128
2.937765923840916e-128
2.308244654446434e-128
1.468882961920458e-128
1.154122327223217e-128
7.34441480960229e-129
5.770611636116085e-129
3.672207404801145e-129
2.8853058180580424e-129
1.8361037024005724e-129
1.4426529090290212e-129
9.180518512002862e-130
7.213264545145106e-130
4.590259256001431e-130
3.606632272572553e-130
2.2951296280007155e-130
1.8033161362862765e-130
1.1475648140003578e-130
9.016580681431383e-131
5.737824070001789e-131
4.5082903407156913e-131
2.8689120350008944e-131
2.2541451703578456e-131
1.4344560175004472e-131
1.1270725851789228e-131
7.172280087502236e-132
5.635362925894614e-132
3.586140043751118e-132
2.817681462947307e-132
1.793070021875559e-132
1.4088407314736535e-132
8.965350109377795e-133
7.044203657368268e-133
4.4826750546888975e-133
3.522101828684134e-133
2.2413375273444488e-133
1.761050914342067e-133
1.1206687636722244e-133
8.805254571710335e-134
5.603343818361122e-134
4.4026272858551673e-134
2.801671909180561e-134
2.2013136429275836e-134
1.4008359545902805e-134
1.1006568214637918e-134
7.004179772951402e-135
5.503284107318959e-135
3.502089886475701e-135
2.7516420536594796e-135
1.7510449432378506e-135
1.3758210268297398e-135
8.755224716189253e-136
6.879105134148699e-136
4.3776123580946265e-136
3.4395525670743494e-136
2.1888061790473132e-136
1.7197762835371747e-136
1.0944030895236566e-136
8.598881417685874e-137
5.472015447618283e-137
4.299440708842937e-137
2.7360077238091416e-137
2.1497203544214684e-137
1.3680038619045708e-137
1.0748601772107342e-137
6.840019309522854e-138
5.374300886053671e-138
3.420009654761427e-138
2.6871504430268355e-138
1.7100048273807135e-138
1.3435752215134178e-138
8.550024136903567e-139
6.717876107567089e-139
4.275012068451784e-139
3.3589380537835444e-139
2.137506034225892e-139
1.6794690268917722e-139
1.068753017112946e-139
8.397345134458861e-140
5.34376508556473e-140
4.1986725672294305e-140
2.671882542782365e-140
2.0993362836147152e-140
1.3359412713911824e-140
1.0496681418073576e-140
6.679706356955912e-141
5.248340709036788e-141
3.339853178477956e-141
2.624170354518394e-141
1.669926589238978e-141
1.312085177259197e-141
8.34963294619489e-142
6.560425886295985e-142
4.174816473097445e-142
3.2802129431479926e-142
2.0874082365487225e-142
1.6401064715739963e-142
1.0437041182743613e-142
8.200532357869981e-143
5.218520591371806e-143
4.100266178934991e-143
2.609260295685903e-143
2.0501330894674953e-143
1.3046301478429516e-143
1.0250665447337477e-143
6.523150739214758e-144
5.1253327236687384e-144
3.261575369607379e-144
2.5626663618343692e-144
1.6307876848036895e-144
1.2813331809171846e-144
8.153938424018447e-145
6.406665904585923e-145
4.0769692120092236e-145
3.2033329522929615e-145
2.0384846060046118e-145
1.6016664761464807e-145
1.0192423030023059e-145
8.008332380732404e-146
5.0962115150115295e-146
4.004166190366202e-146
2.5481057575057648e-146
2.002083095183101e-146
1.2740528787528824e-146
1.0010415475915505e-146
6.370264393764412e-147
5.0052077379577523e-147
3.185132196882206e-147
2.5026038689788762e-147
1.592566098441103e-147
1.2513019344894381e-147
7.962830492205515e-148
6.256509672447191e-148
3.9814152461027575e-148
3.1282548362235952e-148
1.9907076230513787e-148
1.5641274181117976e-148
9.953538115256894e-149
7.820637090558988e-149
4.976769057628447e-149
3.910318545279494e-149
2.4883845288142234e-149
1.955159272639747e-149
1.2441922644071117e-149
9.775796363198735e-150
6.220961322035559e-150
4.887898181599368e-150
3.110480661017779e-150
2.443949090799684e-150
1.5552403305088896e-150
1.221974545399842e-150
7.776201652544448e-151
6.10987272699921e-151
3.888100826272224e-151
3.054936363499605e-151
1.944050413136112e-151
1.5274681817498023e-151
9.72025206568056e-152
7.637340908749012e-152
4.86012603284028e-152
3.818670454374506e-152
2.43006301642014e-152
1.909335227187253e-152
1.21503150821007e-152
9.546676135936265e-153
6.07515754105035e-153
4.7733380679681323e-153
3.037578770525175e-153
2.3866690339840662e-153
1.5187893852625875e-153
1.1933345169920331e-153
7.593946926312938e-154
5.966672584960166e-154
3.796973463156469e-154
2.983336292480083e-154
1.8984867315782344e-154
1.4916681462400413e-154
9.492433657891172e-155
7.458340731200207e-155
4.746216828945586e-155
3.7291703656001034e-155
2.373108414472793e-155
1.8645851828000517e-155
1.1865542072363965e-155
9.322925914000258e-156
5.932771036181983e-156
4.661462957000129e-156
2.9663855180909913e-156
2.3307314785000646e-156
1.4831927590454956e-156
1.1653657392500323e-156
7.415963795227478e-157
5.826828696250162e-157
3.707981897613739e-157
2.913414348125081e-157
1.8539909488068695e-157
1.4567071740625404e-157
9.269954744034348e-158
7.283535870312702e-158
4.634977372017174e-158
3.641767935156351e-158
2.317488686008587e-158
1.8208839675781755e-158
1.1587443430042935e-158
9.104419837890877e-159
5.793721715021467e-159
4.552209918945439e-159
2.8968608575107337e-159
2.2761049594727193e-159
1.4484304287553668e-159
1.1380524797363597e-159
7.242152143776834e-160
5.6902623986817984e-160
3.621076071888417e-160
2.8451311993408992e-160
1.8105380359442085e-160
1.4225655996704496e-160
9.052690179721043e-161
7.112827998352248e-161
4.526345089860521e-161
3.556413999176124e-161
2.2631725449302607e-161
1.778206999588062e-161
1.1315862724651303e-161
8.89103499794031e-162
5.657931362325652e-162
4.445517498970155e-162
2.828965681162826e-162
2.2227587494850775e-162
1.414482840581413e-162
1.1113793747425387e-162
7.072414202907065e-163
5.556896873712694e-163
3.536207101453532e-163
2.778448436856347e-163
1.768103550726766e-163
1.3892242184281734e-163
8.84051775363383e-164
6.946121092140867e-164
4.420258876816915e-164
3.4730605460704336e-164
2.2101294384084577e-164
1.7365302730352168e-164
1.1050647192042288e-164
8.682651365176084e-165
5.525323596021144e-165
4.341325682588042e-165
2.762661798010572e-165
2.170662841294021e-165
1.381330899005286e-165
1.0853314206470105e-165
6.90665449502643e-166
5.426657103235053e-166
3.453327247513215e-166
2.7133285516175262e-166
1.7266636237566076e-166
1.3566642758087631e-166
8.633318118783038e-167
6.783321379043816e-167
4.316659059391519e-167
3.391660689521908e-167
2.1583295296957595e-167
1.695830344760954e-167
1.0791647648478797e-167
8.47915172380477e-168
5.395823824239399e-168
4.239575861902385e-168
2.6979119121196993e-168
2.1197879309511924e-168
1.3489559560598497e-168
1.0598939654755962e-168
6.744779780299248e-169
5.299469827377981e-169
3.372389890149624e-169
2.6497349136889905e-169
1.686194945074812e-169
1.3248674568444952e-169
8.43097472537406e-170
6.624337284222476e-170
4.21548736268703e-170
3.312168642111238e-170
2.107743681343515e-170
1.656084321055619e-170
1.0538718406717576e-170
8.280421605278095e-171
5.269359203358788e-171
4.140210802639048e-171
2.634679601679394e-171
2.070105401319524e-171
1.317339800839697e-171
1.035052700659762e-171
6.586699004198485e-172
5.17526350329881e-172
3.2933495020992423e-172
2.587631751649405e-172
1.6466747510496212e-172
1.2938158758247024e-172
8.233373755248106e-173
6.469079379123512e-173
4.116686877624053e-173
3.234539689561756e-173
2.0583434388120265e-173
1.617269844780878e-173
1.0291717194060132e-173
8.08634922390439e-174
5.145858597030066e-174
4.043174611952195e-174
2.572929298515033e-174
2.0215873059760975e-174
1.2864646492575165e-174
1.0107936529880487e-174
6.432323246287583e-175
5.053968264940244e-175
3.2161616231437914e-175
2.526984132470122e-175
1.6080808115718957e-175
1.263492066235061e-175
8.040404057859478e-176
6.317460331175305e-176
4.020202028929739e-176
3.1587301655876523e-176
2.0101010144648696e-176
1.5793650827938261e-176
1.0050505072324348e-176
7.896825413969131e-177
5.025252536162174e-177
3.9484127069845653e-177
2.512626268081087e-177
1.9742063534922827e-177
1.2563131340405435e-177
9.871031767461413e-178
6.281565670202717e-178
4.935515883730707e-178
3.140782835101359e-178
2.4677579418653533e-178
1.5703914175506794e-178
1.2338789709326767e-178
7.851957087753397e-179
6.169394854663383e-179
3.9259785438766984e-179
3.084697427331692e-179
1.9629892719383492e-179
1.542348713665846e-179
9.814946359691746e-180
7.71174356832923e-180
4.907473179845873e-180
3.855871784164615e-180
2.4537365899229365e-180
1.9279358920823073e-180
1.2268682949614683e-180
9.639679460411536e-181
6.134341474807341e-181
4.819839730205768e-181
3.0671707374036706e-181
2.409919865102884e-181
1.5335853687018353e-181
1.204959932551442e-181
7.667926843509177e-182
6.02479966275721e-182
3.833963421754588e-182
3.012399831378605e-182
1.916981710877294e-182
1.5061999156893026e-182
9.58490855438647e-183
7.530999578446513e-183
4.792454277193235e-183
3.7654997892232564e-183
2.3962271385966177e-183
1.8827498946116282e-183
1.1981135692983088e-183
9.413749473058141e-184
5.990567846491544e-184
4.706874736529071e-184
2.995283923245772e-184
2.3534373682645353e-184
1.497641961622886e-184
1.1767186841322676e-184
7.48820980811443e-185
5.883593420661338e-185
3.744104904057215e-185
2.941796710330669e-185
1.8720524520286076e-185
1.4708983551653345e-185
9.360262260143038e-186
7.354491775826673e-186
4.680131130071519e-186
3.6772458879133364e-186
2.3400655650357595e-186
1.8386229439566682e-186
1.1700327825178797e-186
9.193114719783341e-187
5.850163912589399e-187
4.5965573598916705e-187
2.9250819562946993e-187
2.2982786799458352e-187
1.4625409781473497e-187
1.1491393399729176e-187
7.312704890736748e-188
5.745696699864588e-188
3.656352445368374e-188
2.872848349932294e-188
1.828176222684187e-188
1.436424174966147e-188
9.140881113420935e-189
7.182120874830735e-189
4.570440556710468e-189
3.5910604374153675e-189
2.285220278355234e-189
1.7955302187076838e-189
1.142610139177617e-189
8.977651093538419e-190
5.713050695888085e-190
4.4888255467692094e-190
2.8565253479440423e-190
2.2444127733846047e-190
1.4282626739720212e-190
1.1222063866923024e-190
7.141313369860106e-191
5.611031933461512e-191
3.570656684930053e-191
2.805515966730756e-191
1.7853283424650264e-191
1.402757983365378e-191
8.926641712325132e-192
7.01378991682689e-192
4.463320856162566e-192
3.506894958413445e-192
2.231660428081283e-192
1.7534474792067224e-192
1.1158302140406415e-192
8.767237396033612e-193
5.579151070203208e-193
4.383618698016806e-193
2.789575535101604e-193
2.191809349008403e-193
1.394787767550802e-193
1.0959046745042015e-193
6.97393883775401e-194
5.479523372521008e-194
3.486969418877005e-194
2.739761686260504e-194
1.7434847094385024e-194
1.369880843130252e-194
8.717423547192512e-195
6.84940421565126e-195
4.358711773596256e-195
3.42470210782563e-195
2.179355886798128e-195
1.712351053912815e-195
1.089677943399064e-195
8.561755269564074e-196
5.44838971699532e-196
4.280877634782037e-196
2.72419485849766e-196
2.1404388173910186e-196
1.36209742924883e-196
1.0702194086955093e-196
6.81048714624415e-197
5.351097043477547e-197
3.405243573122075e-197
2.6755485217387732e-197
1.7026217865610375e-197
1.3377742608693866e-197
8.513108932805187e-198
6.688871304346933e-198
4.256554466402594e-198
3.3444356521734666e-198
2.128277233201297e-198
1.6722178260867333e-198
1.0641386166006484e-198
8.361089130433666e-199
5.320693083003242e-199
4.180544565216833e-199
2.660346541501621e-199
2.0902722826084166e-199
1.3301732707508105e-199
1.0451361413042083e-199
6.650866353754053e-200
5.225680706521042e-200
3.3254331768770263e-200
2.612840353260521e-200
1.6627165884385132e-200
1.3064201766302604e-200
8.313582942192566e-201
6.532100883151302e-201
4.156791471096283e-201
3.266050441575651e-201
2.0783957355481415e-201
1.6330252207878255e-201
1.0391978677740707e-201
8.165126103939127e-202
5.195989338870354e-202
4.082563051969564e-202
2.597994669435177e-202
2.041281525984782e-202
1.2989973347175884e-202
1.020640762992391e-202
6.494986673587942e-203
5.103203814961955e-203
3.247493336793971e-203
2.5516019074809773e-203
1.6237466683969855e-203
1.2758009537404886e-203
8.118733341984928e-204
6.379004768702443e-204
4.059366670992464e-204
3.1895023843512216e-204
2.029683335496232e-204
1.5947511921756108e-204
1.014841667748116e-204
7.973755960878054e-205
5.07420833874058e-205
3.986877980439027e-205
2.53710416937029e-205
1.9934389902195135e-205
1.268552084685145e-205
9.967194951097568e-206
6.342760423425725e-206
4.983597475548784e-206
3.1713802117128623e-206
2.491798737774392e-206
1.5856901058564312e-206
1.245899368887196e-206
7.928450529282156e-207
6.22949684443598e-207
3.964225264641078e-207
3.11474842221799e-207
1.982112632320539e-207
1.557374211108995e-207
9.910563161602695e-208
7.786871055544975e-208
4.955281580801347e-208
3.8934355277724873e-208
2.4776407904006737e-208
1.9467177638862437e-208
1.2388203952003369e-208
9.733588819431218e-209
6.194101976001684e-209
4.866794409715609e-209
3.097050988000842e-209
2.4333972048578046e-209
1.548525494000421e-209
1.2166986024289023e-209
7.742627470002105e-210
6.083493012144512e-210
3.871313735001053e-210
3.041746506072256e-210
1.9356568675005263e-210
1.520873253036128e-210
9.678284337502632e-211
7.60436626518064e-211
4.839142168751316e-211
3.80218313259032e-211
2.419571084375658e-211
1.90109156629516e-211
1.209785542187829e-211
9.5054578314758e-212
6.048927710939145e-212
4.7527289157379e-212
3.0244638554695724e-212
2.37636445786895e-212
1.5122319277347862e-212
1.188182228934475e-212
7.561159638673931e-213
5.940911144672375e-213
3.7805798193369655e-213
2.9704555723361872e-213
1.8902899096684827e-213
1.4852277861680936e-213
9.451449548342414e-214
7.426138930840468e-214
4.725724774171207e-214
3.713069465420234e-214
2.3628623870856034e-214
1.856534732710117e-214
1.1814311935428017e-214
9.282673663550585e-215
5.907155967714009e-215
4.641336831775293e-215
2.9535779838570043e-215
2.3206684158876463e-215
1.4767889919285021e-215
1.1603342079438231e-215
7.383944959642511e-216
5.801671039719116e-216
3.6919724798212554e-216
2.900835519859558e-216
1.8459862399106277e-216
1.450417759929779e-216
9.229931199553138e-217
7.252088799648895e-217
4.614965599776569e-217
3.6260443998244473e-217
2.3074827998882846e-217
1.8130221999122236e-217
1.1537413999441423e-217
9.065110999561118e-218
5.768706999720712e-218
4.532555499780559e-218
2.884353499860356e-218
2.2662777498902796e-218
1.442176749930178e-218
1.1331388749451398e-218
7.21088374965089e-219
5.665694374725699e-219
3.605441874825445e-219
2.8328471873628494e-219
1.8027209374127223e-219
1.4164235936814247e-219
9.013604687063612e-220
7.082117968407124e-220
4.506802343531806e-220
3.541058984203562e-220
2.253401171765903e-220
1.770529492101781e-220
1.1267005858829515e-220
8.852647460508905e-221
5.633502929414757e-221
4.4263237302544523e-221
2.8167514647073787e-221
2.2131618651272261e-221
1.4083757323536893e-221
1.1065809325636131e-221
7.041878661768447e-222
5.5329046628180653e-222
3.5209393308842233e-222
2.7664523314090327e-222
1.7604696654421117e-222
1.3832261657045163e-222
8.802348327210558e-223
6.916130828522582e-223
4.401174163605279e-223
3.458065414261291e-223
2.2005870818026396e-223
1.7290327071306454e-223
1.1002935409013198e-223
8.645163535653227e-224
5.501467704506599e-224
4.322581767826614e-224
2.7507338522532995e-224
2.161290883913307e-224
1.3753669261266497e-224
1.0806454419566534e-224
6.876834630633249e-225
5.403227209783267e-225
3.4384173153166244e-225
2.7016136048916335e-225
1.7192086576583122e-225
1.3508068024458167e-225
8.596043288291561e-226
6.754034012229084e-226
4.2980216441457804e-226
3.377017006114542e-226
2.1490108220728902e-226
1.688508503057271e-226
1.0745054110364451e-226
8.442542515286355e-227
5.372527055182226e-227
4.2212712576431773e-227
2.686263527591113e-227
2.1106356288215886e-227
1.3431317637955564e-227
1.0553178144107943e-227
6.715658818977782e-228
5.276589072053972e-228
3.357829409488891e-228
2.638294536026986e-228
1.6789147047444455e-228
1.319147268013493e-228
8.394573523722227e-229
6.595736340067465e-229
4.197286761861114e-229
3.2978681700337323e-229
2.098643380930557e-229
1.6489340850168661e-229
1.0493216904652784e-229
8.244670425084331e-230
5.246608452326392e-230
4.1223352125421653e-230
2.623304226163196e-230
2.0611676062710827e-230
1.311652113081598e-230
1.0305838031355413e-230
6.55826056540799e-231
5.152919015677707e-231
3.279130282703995e-231
2.5764595078388533e-231
1.6395651413519975e-231
1.2882297539194267e-231
8.197825706759988e-232
6.441148769597133e-232
4.098912853379994e-232
3.220574384798567e-232
2.049456426689997e-232
1.6102871923992833e-232
1.0247282133449985e-232
8.051435961996417e-233
5.123641066724992e-233
4.0257179809982083e-233
2.561820533362496e-233
2.0128589904991042e-233
1.280910266681248e-233
1.0064294952495521e-233
6.40455133340624e-234
5.0321474762477604e-234
3.20227566670312e-234
2.5160737381238802e-234
1.60113783335156e-234
1.2580368690619401e-234
8.0056891667578e-235
6.290184345309701e-235
4.0028445833789e-235
3.1450921726548502e-235
2.00142229168945e-235
1.5725460863274251e-235
1.000711145844725e-235
7.862730431637126e-236
5.003555729223625e-236
3.931365215818563e-236
2.5017778646118127e-236
1.9656826079092814e-236
1.2508889323059063e-236
9.828413039546407e-237
6.254444661529532e-237
4.914206519773204e-237
3.127222330764766e-237
2.457103259886602e-237
1.563611165382383e-237
1.228551629943301e-237
7.818055826911915e-238
6.142758149716505e-238
3.909027913455957e-238
3.0713790748582522e-238
1.9545139567279786e-238
1.5356895374291261e-238
9.772569783639893e-239
7.678447687145631e-239
4.886284891819947e-239
3.8392238435728152e-239
2.4431424459099733e-239
1.9196119217864076e-239
1.2215712229549866e-239
9.598059608932038e-240
6.107856114774933e-240
4.799029804466019e-240
3.0539280573874666e-240
2.3995149022330095e-240
1.5269640286937333e-240
1.1997574511165048e-240
7.634820143468667e-241
5.998787255582524e-241
3.817410071734333e-241
2.999393627791262e-241
1.9087050358671666e-241
1.499696813895631e-241
9.543525179335833e-242
7.498484069478155e-242
4.771762589667917e-242
3.7492420347390774e-242
2.3858812948339583e-242
1.8746210173695387e-242
1.1929406474169791e-242
9.373105086847693e-243
5.964703237084896e-243
4.686552543423847e-243
2.982351618542448e-243
2.3432762717119234e-243
1.491175809271224e-243
1.1716381358559617e-243
7.45587904635612e-244
5.858190679279809e-244
3.72793952317806e-244
2.9290953396399042e-244
1.86396976158903e-244
1.4645476698199521e-244
9.31984880794515e-245
7.322738349099761e-245
4.659924403972575e-245
3.6613691745498803e-245
2.3299622019862874e-245
1.8306845872749401e-245
1.1649811009931437e-245
9.153422936374701e-246
5.824905504965719e-246
4.5767114681873503e-246
2.912452752482859e-246
2.2883557340936752e-246
1.4562263762414296e-246
1.1441778670468376e-246
7.281131881207148e-247
5.720889335234188e-247
3.640565940603574e-247
2.860444667617094e-247
1.820282970301787e-247
1.430222333808547e-247
9.101414851508935e-248
7.151111669042735e-248
4.5507074257544676e-248
3.5755558345213674e-248
2.2753537128772338e-248
1.7877779172606837e-248
1.1376768564386169e-248
8.938889586303419e-249
5.688384282193084e-249
4.4694447931517093e-249
2.844192141096542e-249
2.2347223965758547e-249
1.422096070548271e-249
1.1173611982879273e-249
7.110480352741356e-250
5.586805991439637e-250
3.555240176370678e-250
2.7934029957198183e-250
1.777620088185339e-250
1.3967014978599092e-250
8.888100440926694e-251
6.983507489299546e-251
4.444050220463347e-251
3.491753744649773e-251
2.2220251102316736e-251
1.7458768723248864e-251
1.1110125551158368e-251
8.729384361624432e-252
5.555062775579184e-252
4.364692180812216e-252
2.777531387789592e-252
2.182346090406108e-252
1.388765693894796e-252
1.091173045203054e-252
6.94382846947398e-253
5.45586522601527e-253
3.47191423473699e-253
2.727932613007635e-253
1.735957117368495e-253
1.3639663065038175e-253
8.679785586842475e-254
6.819831532519088e-254
4.3398927934212375e-254
3.409915766259544e-254
2.1699463967106188e-254
1.704957883129772e-254
1.0849731983553094e-254
8.52478941564886e-255
5.424865991776547e-255
4.26239470782443e-255
2.7124329958882735e-255
2.131197353912215e-255
1.3562164979441367e-255
1.0655986769561075e-255
6.781082489720684e-256
5.327993384780537e-256
3.390541244860342e-256
2.6639966923902686e-256
1.695270622430171e-256
1.3319983461951343e-256
8.476353112150855e-257
6.659991730975672e-257
4.238176556075427e-257
3.329995865487836e-257
2.1190882780377136e-257
1.664997932743918e-257
1.0595441390188568e-257
8.32498966371959e-258
5.297720695094284e-258
4.162494831859795e-258
2.648860347547142e-258
2.0812474159298974e-258
1.324430173773571e-258
1.0406237079649487e-258
6.622150868867855e-259
5.2031185398247434e-259
3.3110754344339276e-259
2.6015592699123717e-259
1.6555377172169638e-259
1.3007796349561859e-259
8.277688586084819e-260
6.503898174780929e-260
4.1388442930424095e-260
3.2519490873904646e-260
2.0694221465212047e-260
1.6259745436952323e-260
1.0347110732606024e-260
8.129872718476162e-261
5.173555366303012e-261
4.064936359238081e-261
2.586777683151506e-261
2.0324681796190404e-261
1.293388841575753e-261
1.0162340898095202e-261
6.466944207878765e-262
5.081170449047601e-262
3.2334721039393824e-262
2.5405852245238005e-262
1.6167360519696912e-262
1.2702926122619002e-262
8.083680259848456e-263
6.351463061309501e-263
4.041840129924228e-263
3.1757315306547506e-263
2.020920064962114e-263
1.5878657653273753e-263
1.010460032481057e-263
7.939328826636877e-264
5.052300162405285e-264
3.9696644133184383e-264
2.5261500812026425e-264
1.9848322066592191e-264
1.2630750406013212e-264
9.924161033296096e-265
6.315375203006606e-265
4.962080516648048e-265
3.157687601503303e-265
2.481040258324024e-265
1.5788438007516516e-265
1.240520129162012e-265
7.894219003758258e-266
6.20260064581006e-266
3.947109501879129e-266
3.10130032290503e-266
1.9735547509395644e-266
1.550650161452515e-266
9.867773754697822e-267
7.753250807262575e-267
4.933886877348911e-267
3.8766254036312874e-267
2.4669434386744556e-267
1.9383127018156437e-267
1.2334717193372278e-267
9.691563509078218e-268
6.167358596686139e-268
4.845781754539109e-268
3.0836792983430695e-268
2.4228908772695546e-268
1.5418396491715347e-268
1.2114454386347773e-268
7.709198245857674e-269
6.057227193173887e-269
3.854599122928837e-269
3.0286135965869433e-269
1.9272995614644184e-269
1.5143067982934716e-269
9.636497807322092e-270
7.571533991467358e-270
4.818248903661046e-270
3.785766995733679e-270
2.409124451830523e-270
1.8928834978668395e-270
1.2045622259152615e-270
9.464417489334198e-271
6.022811129576308e-271
4.732208744667099e-271
3.011405564788154e-271
2.3661043723335494e-271
1.505702782394077e-271
1.1830521861667747e-271
7.528513911970384e-272
5.915260930833874e-272
3.764256955985192e-272
2.957630465416937e-272
1.882128477992596e-272
1.4788152327084684e-272
9.41064238996298e-273
7.394076163542342e-273
4.70532119498149e-273
3.697038081771171e-273
2.352660597490745e-273
1.8485190408855855e-273
1.1763302987453726e-273
9.242595204427927e-274
5.881651493726863e-274
4.621297602213964e-274
2.9408257468634314e-274
2.310648801106982e-274
1.4704128734317157e-274
1.155324400553491e-274
7.352064367158579e-275
5.776622002767455e-275
3.676032183579289e-275
2.8883110013837273e-275
1.8380160917896446e-275
1.4441555006918637e-275
9.190080458948223e-276
7.220777503459318e-276
4.5950402294741116e-276
3.610388751729659e-276
2.2975201147370558e-276
1.8051943758648296e-276
1.1487600573685279e-276
9.025971879324148e-277
5.743800286842639e-277
4.512985939662074e-277
2.8719001434213197e-277
2.256492969831037e-277
1.4359500717106599e-277
1.1282464849155185e-277
7.179750358553299e-278
5.641232424577593e-278
3.5898751792766497e-278
2.8206162122887962e-278
1.7949375896383248e-278
1.4103081061443981e-278
8.974687948191624e-279
7.051540530721991e-279
4.487343974095812e-279
3.5257702653609953e-279
2.243671987047906e-279
1.7628851326804976e-279
1.121835993523953e-279
8.814425663402488e-280
5.609179967619765e-280
4.407212831701244e-280
2.8045899838098826e-280
2.203606415850622e-280
1.4022949919049413e-280
1.101803207925311e-280
7.011474959524706e-281
5.509016039626555e-281
3.505737479762353e-281
2.7545080198132776e-281
1.7528687398811766e-281
1.3772540099066388e-281
8.764343699405883e-282
6.886270049533194e-282
4.3821718497029415e-282
3.443135024766597e-282
2.1910859248514707e-282
1.7215675123832985e-282
1.0955429624257354e-282
8.607837561916492e-283
5.477714812128677e-283
4.303918780958246e-283
2.7388574060643384e-283
2.151959390479123e-283
1.3694287030321692e-283
1.0759796952395615e-283
6.847143515160846e-284
5.379898476197808e-284
3.423571757580423e-284
2.689949238098904e-284
1.7117858787902115e-284
1.344974619049452e-284
8.558929393951058e-285
6.72487309524726e-285
4.279464696975529e-285
3.36243654762363e-285
2.1397323484877644e-285
1.681218273811815e-285
1.0698661742438822e-285
8.406091369059075e-286
5.349330871219411e-286
4.2030456845295373e-286
2.6746654356097055e-286
2.1015228422647686e-286
1.3373327178048527e-286
1.0507614211323843e-286
6.686663589024264e-287
5.253807105661922e-287
3.343331794512132e-287
2.626903552830961e-287
1.671665897256066e-287
1.3134517764154804e-287
8.35832948628033e-288
6.567258882077402e-288
4.179164743140165e-288
3.283629441038701e-288
2.0895823715700824e-288
1.6418147205193505e-288
1.0447911857850412e-288
8.209073602596753e-289
5.223955928925206e-289
4.1045368012983762e-289
2.611977964462603e-289
2.0522684006491881e-289
1.3059889822313015e-289
1.0261342003245941e-289
6.529944911156508e-290
5.1306710016229703e-290
3.264972455578254e-290
2.5653355008114852e-290
1.632486227789127e-290
1.2826677504057426e-290
8.162431138945634e-291
6.413338752028713e-291
4.081215569472817e-291
3.2066693760143564e-291
2.0406077847364086e-291
1.6033346880071782e-291
1.0203038923682043e-291
8.016673440035891e-292
5.1015194618410215e-292
4.008336720017946e-292
2.5507597309205108e-292
2.004168360008973e-292
1.2753798654602554e-292
1.0020841800044864e-292
6.376899327301277e-293
5.010420900022432e-293
3.1884496636506385e-293
2.505210450011216e-293
1.5942248318253192e-293
1.252605225005608e-293
7.971124159126596e-294
6.26302612502804e-294
3.985562079563298e-294
3.13151306251402e-294
1.992781039781649e-294
1.56575653125701e-294
9.963905198908245e-295
7.82878265628505e-295
4.981952599454123e-295
3.914391328142525e-295
2.4909762997270613e-295
1.9571956640712625e-295
1.2454881498635306e-295
9.785978320356312e-296
6.227440749317653e-296
4.892989160178156e-296
3.1137203746588266e-296
2.446494580089078e-296
1.5568601873294133e-296
1.223247290044539e-296
7.784300936647067e-297
6.116236450222695e-297
3.892150468323533e-297
3.0581182251113476e-297
1.9460752341617666e-297
1.5290591125556738e-297
9.730376170808833e-298
7.645295562778369e-298
4.865188085404417e-298
3.8226477813891845e-298
2.4325940427022083e-298
1.9113238906945923e-298
1.2162970213511041e-298
9.556619453472961e-299
6.081485106755521e-299
4.778309726736481e-299
3.0407425533777604e-299
2.3891548633682403e-299
1.5203712766888802e-299
1.1945774316841202e-299
7.601856383444401e-300
5.972887158420601e-300
3.8009281917222005e-300
2.9864435792103004e-300
1.9004640958611002e-300
1.4932217896051502e-300
9.502320479305501e-301
7.466108948025751e-301
4.7511602396527506e-301
3.7330544740128755e-301
2.3755801198263753e-301
1.8665272370064378e-301
1.1877900599131876e-301
9.332636185032189e-302
5.938950299565938e-302
4.6663180925160944e-302
2.969475149782969e-302
2.3331590462580472e-302
1.4847375748914846e-302
1.1665795231290236e-302
7.423687874457423e-303
5.832897615645118e-303
3.7118439372287114e-303
2.916448807822559e-303
1.8559219686143557e-303
1.4582244039112795e-303
9.279609843071778e-304
7.291122019556398e-304
4.639804921535889e-304
3.645561009778199e-304
2.3199024607679446e-304
1.8227805048890994e-304
1.1599512303839723e-304
9.113902524445497e-305
5.799756151919862e-305
4.5569512622227484e-305
2.899878075959931e-305
2.2784756311113742e-305
1.4499390379799654e-305
1.1392378155556871e-305
7.249695189899827e-306
5.696189077778436e-306
3.6248475949499135e-306
2.848094538889218e-306
1.8124237974749567e-306
1.424047269444609e-306
9.062118987374784e-307
7.120236347223045e-307
4.531059493687392e-307
3.5601181736115222e-307
2.265529746843696e-307
1.7800590868057611e-307
1.132764873421848e-307
8.900295434028806e-308
5.66382436710924e-308
4.450147717014403e-308
2.83191218355462e-308
2.2250738585072014e-308
1.41595609177731e-308
1.1125369292536007e-308
7.07978045888655e-309
5.562684646268003e-309
3.539890229443277e-309
2.781342323134e-309
1.76994511472164e-309
1.390671161567e-309
8.8497255736082e-310
6.953355807835e-310
4.42486278680407e-310
3.4766779039175e-310
2.21243139340206e-310
1.73833895195875e-310
1.106215696701e-310
8.691694759794e-311
5.531078483505e-311
4.345847379897e-311
2.7655392417525e-311
2.1729236899484e-311
1.3827696208765e-311
1.086461844974e-311
6.91384810438e-312
5.43230922487e-312
3.456924052192e-312
2.716154612436e-312
1.728462026096e-312
1.35807730622e-312
8.6423101305e-313
6.7903865311e-313
4.3211550652e-313
3.39519326554e-313
2.16057753263e-313
1.69759663277e-313
1.0802887663e-313
8.487983164e-314
5.4014438315e-314
4.243991582e-314
2.7007219157e-314
2.121995791e-314
1.350360958e-314
1.0609978955e-314
6.75180479e-315
5.304989477e-315
3.375902397e-315
2.65249474e-315
1.6879512e-315
1.32624737e-315
8.439756e-316
6.63123685e-316
4.21987797e-316
3.3156184e-316
2.109939e-316
1.6578092e-316
1.0549695e-316
8.289046e-317
5.2748474e-317
4.144523e-317
2.6374237e-317
2.0722615e-317
1.318712e-317
1.036131e-317
6.59356e-318
5.180654e-318
3.29678e-318
2.590327e-318
1.64839e-318
1.295163e-318
8.24195e-319
6.4758e-319
4.12095e-319
3.2379e-319
2.0605e-319
1.61895e-319
1.03023e-319
8.095e-320
5.151e-320
4.0474e-320
2.5756e-320
2.0237e-320
1.288e-320
1.012e-320
6.44e-321
5.06e-321
3.22e-321
2.53e-321
1.61e-321
1.265e-321
8.05e-322
6.3e-322
4e-322
3.16e-322
2.03e-322
1.6e-322
1e-322
8e-323
5e-323
4e-323
2.5e-323
2e-323
1.5e-323
1e-323
5e-324
5e-324
5e-324
0
0
0
0
0
0
0
0
0
0
0.1
0.1|0|false
0.138
0.138|1|false
0.19006000000000003
0.19006000000000003|2|false
0.26138220000000006
0.26138220000000006|3|false
0.3590936140000001
0.3590936140000001|4|false
0.4929582511800002
0.4929582511800002|5|false
0.6763528041166004
0.6763528041166004|6|false
0.9276033416397426
0.9276033416397426|7|false
1.2718165780464472
1.2718165780464472|8|true
1.7433887119236327
1.7433887119236327|9|true
2.3894425353353768
2.3894425353353768|10|true
3.2745362734094665
3.2745362734094665|11|true
4.48711469457097
4.48711469457097|12|true
6.148347131562229
6.148347131562229|13|true
8.424235570240254
8.424235570240254|14|true
11.54220273122915
11.54220273122915|15|true
15.813817741783936
15.813817741783936|16|true
21.665930306243997
21.665930306243997|17|true
29.68332451955428
29.68332451955428|18|true
40.66715459178936
40.66715459178936|19|true
55.71500179075143
55.71500179075143|20|true
76.33055245332947
76.33055245332947|21|true
104.57385686106139
104.57385686106139|22|true
143.26718389965413
143.26718389965413|23|true
196.27704194252618
196.27704194252618|24|true
268.9005474612609
268.9005474612609|25|true
368.3947500219274
368.3947500219274|26|true
504.7018075300405
504.7018075300405|27|true
691.4424763161555
691.4424763161555|28|true
947.2771925531331
947.2771925531331|29|true
1297.7707537977924
1297.7707537977924|30|true
1777.9469327029758
1777.9469327029758|31|true
2435.788297803077
2435.788297803077|32|true
3337.030967990216
3337.030967990216|33|true
4571.733426146597
4571.733426146597|34|true
6263.275793820838
6263.275793820838|35|true
8580.688837534548
8580.688837534548|36|true
11755.544707422332
11755.544707422332|37|true
16105.097249168597
16105.097249168597|38|true
22063.98423136098
22063.98423136098|39|true
30227.659396964547
30227.659396964547|40|true
41411.89437384143
41411.89437384143|41|true
56734.29629216276
56734.29629216276|42|true
77725.98692026299
77725.98692026299|43|true
106484.60308076031
106484.60308076031|44|true
145883.90722064162
145883.90722064162|45|true
199860.953892279
199860.953892279|46|true
273809.50783242227
273809.50783242227|47|true
375119.02673041855
375119.02673041855|48|true
513913.06762067345
513913.06762067345|49|true
704060.9036403227
704060.9036403227|50|true
964563.4389872423
964563.4389872423|51|true
1321451.912412522
1321451.912412522|52|true
1810389.1210051551
1810389.1210051551|53|true
2480233.096777063
2480233.096777063|54|true
3397919.3435845766
3397919.3435845766|55|true
4655149.50171087
4655149.50171087|56|true
6377554.818343893
6377554.818343893|57|true
8737250.102131134
8737250.102131134|58|true
11970032.640919654
11970032.640919654|59|true
16398944.719059927
16398944.719059927|60|true
22466554.2661121
22466554.2661121|61|true
30779179.345573578
30779179.345573578|62|true
42167475.70443581
42167475.70443581|63|true
57769441.71607707
57769441.71607707|64|true
79144135.1520256
79144135.1520256|65|true
108427465.15927507
108427465.15927507|66|true
148545627.26920685
148545627.26920685|67|true
203507509.3598134
203507509.3598134|68|true
278805287.82394433
278805287.82394433|69|true
381963244.3198038
381963244.3198038|70|true
523289644.7191312
523289644.7191312|71|true
716906813.2662098
716906813.2662098|72|true
982162334.1757076
982162334.1757076|73|true
1345562397.8217194
1345562397.8217194|74|true
1843420485.0167556
1843420485.0167556|75|true
2525486064.473955
2525486064.473955|76|true
3459915908.330319
3459915908.330319|77|true
4740084794.413538
4740084794.413538|78|true
6493916168.347548
6493916168.347548|79|true
8896665150.63714
8896665150.63714|80|true
12188431256.373882
12188431256.373882|81|true
16698150821.23322
16698150821.23322|82|true
22876466625.09051
22876466625.09051|83|true
31340759276.375004
31340759276.375004|84|true
42936840208.63476
42936840208.63476|85|true
58823471085.83062
58823471085.83062|86|true
80588155387.58896
80588155387.58896|87|true
110405772880.9979
110405772880.9979|88|true
151255908846.96814
151255908846.96814|89|true
207220595120.34738
207220595120.34738|90|true
283892215314.8769
283892215314.8769|91|true
388932334981.3823
388932334981.3823|92|true
532837298924.4948
532837298924.4948|93|true
729987099526.559
729987099526.559|94|true
1000082326351.3868
1000082326351.3868|95|true
1370112787101.4011
1370112787101.4011|96|true
1877054518328.9207
1877054518328.9207|97|true
2571564690110.6226
2571564690110.6226|98|true
3523043625451.554
3523043625451.554|99|true
4826569766868.631
4826569766868.631|100|true
6612400580610.025
6612400580610.025|101|true
9058988795435.738
9058988795435.738|102|true
12410814649746.965
12410814649746.965|103|true
17002816070153.346
17002816070153.346|104|true
23293858016110.086
23293858016110.086|105|true
31912585482070.82
31912585482070.82|106|true
43720242110437.02
43720242110437.02|107|true
59896731691298.73
59896731691298.73|108|true
82058522417079.27
82058522417079.27|109|true
112420175711398.61
112420175711398.61|110|true
154015640724616.1
154015640724616.1|111|true
211001427792724.06
211001427792724.06|112|true
289071956076032
289071956076032|113|true
396028579824163.9
396028579824163.9|114|true
542559154359104.56
542559154359104.56|115|true
743306041471973.2
743306041471973.2|116|true
1018329276816603.4
1018329276816603.4|117|true
1395111109238746.8
1395111109238746.8|118|true
1911302219657083.2
1911302219657083.2|119|true
2618484040930204.5
2618484040930204.5|120|true
3587323136074380.5
3587323136074380.5|121|true
4914632696421902
4914632696421902|122|true
6733046794098006
6733046794098006|123|true
9224274107914268
9224274107914268|124|true
12637255527842548
12637255527842548|125|true
17313040073144292
17313040073144292|126|true
23718864900207680
23718864900207680|127|true
32494844913284524
32494844913284524|128|true
44517937531199800
44517937531199800|129|true
60989574417743730
60989574417743730|130|true
83555716952308910
83555716952308910|131|true
114471332224663220
114471332224663220|132|true
156825725147788600
156825725147788600|133|true
214851243452470400
214851243452470400|134|true
294346203529884500
294346203529884500|135|true
403254298835941760
403254298835941760|136|true
552458389405240260
552458389405240260|137|true
756867993485179300
756867993485179300|138|true
1036909151074695700
1036909151074695700|139|true
1420565536972333300
1420565536972333300|140|true
1946174785652096800
1946174785652096800|141|true
2666259456343373000
2666259456343373000|142|true
3652775455190421000
3652775455190421000|143|true
5004302373610877000
5004302373610877000|144|true
6855894251846902000
6855894251846902000|145|true
9392575125030257000
9392575125030257000|146|true
12867827921291452000
12867827921291452000|147|true
17628924252169292000
17628924252169292000|148|true
24151626225471930000
24151626225471930000|149|true
33087727928896550000
33087727928896550000|150|true
45330187262588270000
45330187262588270000|151|true
62102356549745934000
62102356549745934000|152|true
85080228473151930000
85080228473151930000|153|true
116559913008218160000
116559913008218160000|154|true
159687080821258880000
159687080821258880000|155|true
218771300725124700000
218771300725124700000|156|true
299716681993420870000
299716681993420870000|157|true
410611854330986600000
410611854330986600000|158|true
562538240433451700000
562538240433451700000|159|true
770677389393828900000
770677389393828900000|160|true
1.0558280234695456e+21
1.0558280234695456e+21|161|true
1.4464843921532775e+21
1.4464843921532775e+21|162|true
1.9816836172499903e+21
1.9816836172499903e+21|163|true
2.7149065556324867e+21
2.7149065556324867e+21|164|true
3.719421981216507e+21
3.719421981216507e+21|165|true
5.095608114266615e+21
5.095608114266615e+21|166|true
6.980983116545264e+21
6.980983116545264e+21|167|true
9.563946869667012e+21
9.563946869667012e+21|168|true
1.3102607211443807e+22
1.3102607211443807e+22|169|true
1.7950571879678016e+22
1.7950571879678016e+22|170|true
2.4592283475158885e+22
2.4592283475158885e+22|171|true
3.3691428360967676e+22
3.3691428360967676e+22|172|true
4.615725685452572e+22
4.615725685452572e+22|173|true
6.323544189070024e+22
6.323544189070024e+22|174|true
8.663255539025934e+22
8.663255539025934e+22|175|true
1.186866008846553e+23
1.186866008846553e+23|176|true
1.6260064321197777e+23
1.6260064321197777e+23|177|true
2.2276288120040956e+23
2.2276288120040956e+23|178|true
3.051851472445611e+23
3.051851472445611e+23|179|true
4.1810365172504874e+23
4.1810365172504874e+23|180|true
5.7280200286331684e+23
5.7280200286331684e+23|181|true
7.847387439227441e+23
7.847387439227441e+23|182|true
1.0750920791741595e+24
1.0750920791741595e+24|183|true
1.4728761484685986e+24
1.4728761484685986e+24|184|true
2.0178403234019802e+24
2.0178403234019802e+24|185|true
2.764441243060713e+24
2.764441243060713e+24|186|true
3.787284502993177e+24
3.787284502993177e+24|187|true
5.188579769100653e+24
5.188579769100653e+24|188|true
7.108354283667894e+24
7.108354283667894e+24|189|true
9.738445368625015e+24
9.738445368625015e+24|190|true
1.3341670155016271e+25
1.3341670155016271e+25|191|true
1.8278088112372293e+25
1.8278088112372293e+25|192|true
2.5040980713950046e+25
2.5040980713950046e+25|193|true
3.4306143578111566e+25
3.4306143578111566e+25|194|true
4.699941670201285e+25
4.699941670201285e+25|195|true
6.438920088175761e+25
6.438920088175761e+25|196|true
8.821320520800793e+25
8.821320520800793e+25|197|true
1.2085209113497087e+26
1.2085209113497087e+26|198|true
1.655673648549101e+26
1.655673648549101e+26|199|true
2.2682728985122686e+26
2.2682728985122686e+26|200|true
3.107533870961808e+26
3.107533870961808e+26|201|true
4.257321403217678e+26
4.257321403217678e+26|202|true
5.832530322408219e+26
5.832530322408219e+26|203|true
7.99056654169926e+26
7.99056654169926e+26|204|true
1.0947076162127988e+27
1.0947076162127988e+27|205|true
1.4997494342115346e+27
1.4997494342115346e+27|206|true
2.0546567248698025e+27
2.0546567248698025e+27|207|true
2.8148797130716295e+27
2.8148797130716295e+27|208|true
3.856385206908133e+27
3.856385206908133e+27|209|true
5.283247733464142e+27
5.283247733464142e+27|210|true
7.238049394845875e+27
7.238049394845875e+27|211|true
9.91612767093885e+27
9.91612767093885e+27|212|true
1.3585094909186224e+28
1.3585094909186224e+28|213|true
1.8611580025585128e+28
1.8611580025585128e+28|214|true
2.5497864635051626e+28
2.5497864635051626e+28|215|true
3.493207455002073e+28
3.493207455002073e+28|216|true
4.78569421335284e+28
4.78569421335284e+28|217|true
6.556401072293391e+28
6.556401072293391e+28|218|true
8.982269469041947e+28
8.982269469041947e+28|219|true
1.2305709172587469e+29
1.2305709172587469e+29|220|true
1.6858821566444834e+29
1.6858821566444834e+29|221|true
2.3096585546029425e+29
2.3096585546029425e+29|222|true
3.1642322198060314e+29
3.1642322198060314e+29|223|true
4.3349981411342635e+29
4.3349981411342635e+29|224|true
5.9389474533539414e+29
5.9389474533539414e+29|225|true
8.1363580110949e+29
8.1363580110949e+29|226|true
1.1146810475200014e+30
1.1146810475200014e+30|227|true
1.527113035102402e+30
1.527113035102402e+30|228|true
2.0921448580902908e+30
2.0921448580902908e+30|229|true
2.8662384555836986e+30
2.8662384555836986e+30|230|true
3.9267466841496675e+30
3.9267466841496675e+30|231|true
5.379642957285045e+30
5.379642957285045e+30|232|true
7.370110851480513e+30
7.370110851480513e+30|233|true
1.0097051866528303e+31
1.0097051866528303e+31|234|true
1.3832961057143775e+31
1.3832961057143775e+31|235|true
1.8951156648286973e+31
1.8951156648286973e+31|236|true
2.5963084608153157e+31
2.5963084608153157e+31|237|true
3.5569425913169826e+31
3.5569425913169826e+31|238|true
4.873011350104266e+31
4.873011350104266e+31|239|true
6.676025549642845e+31
6.676025549642845e+31|240|true
9.146155003010699e+31
9.146155003010699e+31|241|true
1.2530232354124659e+32
1.2530232354124659e+32|242|true
1.7166418325150783e+32
1.7166418325150783e+32|243|true
2.3517993105456574e+32
2.3517993105456574e+32|244|true
3.2219650554475508e+32
3.2219650554475508e+32|245|true
4.414092125963145e+32
4.414092125963145e+32|246|true
6.047306212569509e+32
6.047306212569509e+32|247|true
8.284809511220227e+32
8.284809511220227e+32|248|true
1.1350189030371712e+33
1.1350189030371712e+33|249|true
1.5549758971609247e+33
1.5549758971609247e+33|250|true
2.130316979110467e+33
2.130316979110467e+33|251|true
2.91853426138134e+33
2.91853426138134e+33|252|true
3.998391938092436e+33
3.998391938092436e+33|253|true
5.477796955186637e+33
5.477796955186637e+33|254|true
7.504581828605694e+33
7.504581828605694e+33|255|true
1.0281277105189801e+34
1.0281277105189801e+34|256|true
1.4085349634110028e+34
1.4085349634110028e+34|257|true
1.929692899873074e+34
1.929692899873074e+34|258|true
2.6436792728261113e+34
2.6436792728261113e+34|259|true
3.6218406037717727e+34
3.6218406037717727e+34|260|true
4.961921627167329e+34
4.961921627167329e+34|261|true
6.797832629219241e+34
6.797832629219241e+34|262|true
9.313030702030361e+34
9.313030702030361e+34|263|true
1.2758852061781596e+35
1.2758852061781596e+35|264|true
1.7479627324640788e+35
1.7479627324640788e+35|265|true
2.394708943475788e+35
2.394708943475788e+35|266|true
3.2807512525618297e+35
3.2807512525618297e+35|267|true
4.494629216009707e+35
4.494629216009707e+35|268|true
6.157642025933299e+35
6.157642025933299e+35|269|true
8.43596957552862e+35
8.43596957552862e+35|270|true
1.155727831847421e+36
1.155727831847421e+36|271|true
1.583347129630967e+36
1.583347129630967e+36|272|true
2.169185567594425e+36
2.169185567594425e+36|273|true
2.971784227604363e+36
2.971784227604363e+36|274|true
4.0713443918179776e+36
4.0713443918179776e+36|275|true
5.57774181679063e+36
5.57774181679063e+36|276|true
7.641506289003164e+36
7.641506289003164e+36|277|true
1.0468863615934334e+37
1.0468863615934334e+37|278|true
1.434234315383004e+37
1.434234315383004e+37|279|true
1.9649010120747157e+37
1.9649010120747157e+37|280|true
2.6919143865423606e+37
2.6919143865423606e+37|281|true
3.6879227095630343e+37
3.6879227095630343e+37|282|true
5.052454112101357e+37
5.052454112101357e+37|283|true
6.921862133578859e+37
6.921862133578859e+37|284|true
9.482951123003038e+37
9.482951123003038e+37|285|true
1.2991643038514163e+38
1.2991643038514163e+38|286|true
1.7798550962764405e+38
1.7798550962764405e+38|287|true
2.4384014818987235e+38
2.4384014818987235e+38|288|true
3.3406100302012514e+38
3.3406100302012514e+38|289|true
4.576635741375715e+38
4.576635741375715e+38|290|true
6.26999096568473e+38
6.26999096568473e+38|291|true
8.58988762298808e+38
8.58988762298808e+38|292|true
1.1768146043493671e+39
1.1768146043493671e+39|293|true
1.612236007958633e+39
1.612236007958633e+39|294|true
2.2087633309033273e+39
2.2087633309033273e+39|295|true
3.026005763337559e+39
3.026005763337559e+39|296|true
4.1456278957724556e+39
4.1456278957724556e+39|297|true
5.679510217208265e+39
5.679510217208265e+39|298|true
7.780928997575324e+39
7.780928997575324e+39|299|true
1.0659872726678194e+40
1.0659872726678194e+40|300|true
1.4604025635549127e+40
1.4604025635549127e+40|301|true
2.0007515120702305e+40
2.0007515120702305e+40|302|true
2.741029571536216e+40
2.741029571536216e+40|303|true
3.755210513004616e+40
3.755210513004616e+40|304|true
5.144638402816324e+40
5.144638402816324e+40|305|true
7.048154611858364e+40
7.048154611858364e+40|306|true
9.65597181824596e+40
9.65597181824596e+40|307|true
1.3228681390996966e+41
1.3228681390996966e+41|308|true
1.8123293505665845e+41
1.8123293505665845e+41|309|true
2.482891210276221e+41
2.482891210276221e+41|310|true
3.401560958078423e+41
3.401560958078423e+41|311|true
4.66013851256744e+41
4.66013851256744e+41|312|true
6.384389762217394e+41
6.384389762217394e+41|313|true
8.74661397423783e+41
8.74661397423783e+41|314|true
1.1982861144705827e+42
1.1982861144705827e+42|315|true
1.6416519768246985e+42
1.6416519768246985e+42|316|true
2.249063208249837e+42
2.249063208249837e+42|317|true
3.081216595302277e+42
3.081216595302277e+42|318|true
4.22126673556412e+42
4.22126673556412e+42|319|true
5.783135427722845e+42
5.783135427722845e+42|320|true
7.922895535980298e+42
7.922895535980298e+42|321|true
1.085436688429301e+43
1.085436688429301e+43|322|true
1.4870482631481426e+43
1.4870482631481426e+43|323|true
2.0372561205129556e+43
2.0372561205129556e+43|324|true
2.7910408851027495e+43
2.7910408851027495e+43|325|true
3.823726012590767e+43
3.823726012590767e+43|326|true
5.238504637249351e+43
5.238504637249351e+43|327|true
7.176751353031611e+43
7.176751353031611e+43|328|true
9.832149353653308e+43
9.832149353653308e+43|329|true
1.3470044614505032e+44
1.3470044614505032e+44|330|true
1.8453961121871895e+44
1.8453961121871895e+44|331|true
2.52819267369645e+44
2.52819267369645e+44|332|true
3.4636239629641368e+44
3.4636239629641368e+44|333|true
4.745164829260868e+44
4.745164829260868e+44|334|true
6.5008758160873894e+44
6.5008758160873894e+44|335|true
8.906199868039724e+44
8.906199868039724e+44|336|true
1.2201493819214423e+45
1.2201493819214423e+45|337|true
1.671604653232376e+45
1.671604653232376e+45|338|true
2.2900983749283554e+45
2.2900983749283554e+45|339|true
3.137434773651847e+45
3.137434773651847e+45|340|true
4.298285639903031e+45
4.298285639903031e+45|341|true
5.888651326667152e+45
5.888651326667152e+45|342|true
8.067452317533999e+45
8.067452317533999e+45|343|true
1.1052409675021579e+46
1.1052409675021579e+46|344|true
1.5141801254779565e+46
1.5141801254779565e+46|345|true
2.0744267719048006e+46
2.0744267719048006e+46|346|true
2.841964677509577e+46
2.841964677509577e+46|347|true
3.8934916081881213e+46
3.8934916081881213e+46|348|true
5.334083503217727e+46
5.334083503217727e+46|349|true
7.307694399408286e+46
7.307694399408286e+46|350|true
1.0011541327189351e+47
1.0011541327189351e+47|351|true
1.3715811618249413e+47
1.3715811618249413e+47|352|true
1.8790661917001697e+47
1.8790661917001697e+47|353|true
2.5743206826292326e+47
2.5743206826292326e+47|354|true
3.526819335202049e+47
3.526819335202049e+47|355|true
4.831742489226807e+47
4.831742489226807e+47|356|true
6.619487210240727e+47
6.619487210240727e+47|357|true
9.068697478029796e+47
9.068697478029796e+47|358|true
1.2424115544900821e+48
1.2424115544900821e+48|359|true
1.7021038296514126e+48
1.7021038296514126e+48|360|true
2.3318822466224356e+48
2.3318822466224356e+48|361|true
3.194678677872737e+48
3.194678677872737e+48|362|true
4.37670978868565e+48
4.37670978868565e+48|363|true
5.996092410499341e+48
5.996092410499341e+48|364|true
8.214646602384097e+48
8.214646602384097e+48|365|true
1.1254065845266214e+49
1.1254065845266214e+49|366|true
1.5418070208014713e+49
1.5418070208014713e+49|367|true
2.112275618498016e+49
2.112275618498016e+49|368|true
2.893817597342282e+49
2.893817597342282e+49|369|true
3.964530108358927e+49
3.964530108358927e+49|370|true
5.43140624845173e+49
5.43140624845173e+49|371|true
7.441026560378871e+49
7.441026560378871e+49|372|true
1.0194206387719055e+50
1.0194206387719055e+50|373|true
1.3966062751175107e+50
1.3966062751175107e+50|374|true
1.91335059691099e+50
1.91335059691099e+50|375|true
2.6212903177680565e+50
2.6212903177680565e+50|376|true
3.5911677353422375e+50
3.5911677353422375e+50|377|true
4.919899797418866e+50
4.919899797418866e+50|378|true
6.740262722463847e+50
6.740262722463847e+50|379|true
9.234159929775471e+50
9.234159929775471e+50|380|true
1.2650799103792396e+51
1.2650799103792396e+51|381|true
1.7331594772195584e+51
1.7331594772195584e+51|382|true
2.3744284837907953e+51
2.3744284837907953e+51|383|true
3.25296702279339e+51
3.25296702279339e+51|384|true
4.4565648212269445e+51
4.4565648212269445e+51|385|true
6.105493805080914e+51
6.105493805080914e+51|386|true
8.364526512960854e+51
8.364526512960854e+51|387|true
1.145940132275637e+52
1.145940132275637e+52|388|true
1.5699379812176229e+52
1.5699379812176229e+52|389|true
2.1508150342681436e+52
2.1508150342681436e+52|390|true
2.946616596947357e+52
2.946616596947357e+52|391|true
4.0368647378178793e+52
4.0368647378178793e+52|392|true
5.530504690810495e+52
5.530504690810495e+52|393|true
7.576791426410379e+52
7.576791426410379e+52|394|true
1.038020425418222e+53
1.038020425418222e+53|395|true
1.422087982822964e+53
1.422087982822964e+53|396|true
1.948260536467461e+53
1.948260536467461e+53|397|true
2.6691169349604215e+53
2.6691169349604215e+53|398|true
3.656690200895778e+53
3.656690200895778e+53|399|true
123456789
1234567890.5
12345678905.5
123456789055.5
1234567890555.5
12345678905555.5
123456789055555.5
1234567890555555.5
12345678905555556
123456789055555550
1234567890555555600
12345678905555556000
123456789055555570000
1.2345678905555555e+21
1.2345678905555556e+22
1.2345678905555556e+23
1.2345678905555555e+24
1.2345678905555554e+25
1.2345678905555554e+26
1.2345678905555554e+27
1.2345678905555554e+28
1.2345678905555553e+29
1.2345678905555553e+30
1.2345678905555552e+31
1.2345678905555553e+32
1.2345678905555553e+33
1.2345678905555553e+34
1.2345678905555554e+35
1.2345678905555553e+36
1.2345678905555552e+37
1.2345678905555553e+38
1.2345678905555553e+39
1.2345678905555555e+40
1.2345678905555554e+41
1.2345678905555554e+42
1.2345678905555553e+43
1.2345678905555552e+44
1.2345678905555551e+45
1.234567890555555e+46
1.2345678905555551e+47
1.2345678905555552e+48
1.2345678905555552e+49
1.2345678905555552e+50
1.2345678905555553e+51
1.2345678905555554e+52
1.2345678905555554e+53
1.2345678905555555e+54
1.2345678905555554e+55
1.2345678905555554e+56
1.2345678905555553e+57
1.2345678905555553e+58
1.2345678905555553e+59
1.2345678905555553e+60
1.2345678905555552e+61
1.2345678905555553e+62
1.2345678905555554e+63
1.2345678905555553e+64
1.2345678905555554e+65
1.2345678905555554e+66
1.2345678905555553e+67
NaN
Infinity
-Infinity
-0
0
1.7976931348623156e+299
9007199254740992
0.000001
1e-7
1e+21
100000000000000000000
1.23e-18
